0.000000;1.000000
0.000244;0.998118
0.000488;0.992479
0.000732;0.983105
0.000977;0.970030
0.001221;0.953302
0.001465;0.932985
0.001709;0.909154
0.001953;0.881898
0.002197;0.851318
0.002441;0.817529
0.002686;0.780657
0.002930;0.740839
0.003174;0.698225
0.003418;0.652973
0.003662;0.605253
0.003906;0.555243
0.004150;0.503130
0.004395;0.449110
0.004639;0.393386
0.004883;0.336165
0.005127;0.277664
0.005371;0.218102
0.005615;0.157703
0.005859;0.096694
0.006104;0.035306
0.006348;-0.026230
0.006592;-0.087682
0.006836;-0.148817
0.007080;-0.209404
0.007324;-0.269212
0.007568;-0.328016
0.007813;-0.385590
0.008057;-0.441716
0.008301;-0.496179
0.008545;-0.548772
0.008789;-0.599292
0.009033;-0.647545
0.009277;-0.693346
0.009521;-0.736517
0.009766;-0.776892
0.010010;-0.814313
0.010254;-0.848635
0.010498;-0.879722
0.010742;-0.907452
0.010986;-0.931715
0.011230;-0.952414
0.011475;-0.969465
0.011719;-0.982798
0.011963;-0.992357
0.012207;-0.998100
0.012451;-1.000000
0.012695;-0.998044
0.012939;-0.992235
0.013184;-0.982589
0.013428;-0.969137
0.013672;-0.951927
0.013916;-0.931019
0.014160;-0.906488
0.014404;-0.878424
0.014648;-0.846930
0.014893;-0.812122
0.015137;-0.774131
0.015381;-0.733099
0.015625;-0.689182
0.015869;-0.642544
0.016113;-0.593365
0.016357;-0.541831
0.016602;-0.488140
0.016846;-0.432500
0.017090;-0.375124
0.017334;-0.316235
0.017578;-0.256062
0.017822;-0.194839
0.018066;-0.132807
0.018311;-0.070209
0.018555;-0.007290
0.018799;0.055699
0.019043;0.118510
0.019287;0.180893
0.019531;0.242597
0.019775;0.303377
0.020020;0.362988
0.020264;0.421189
0.020508;0.477744
0.020752;0.532423
0.020996;0.585002
0.021240;0.635265
0.021484;0.683006
0.021729;0.728024
0.021973;0.770133
0.022217;0.809156
0.022461;0.844927
0.022705;0.877293
0.022949;0.906115
0.023193;0.931267
0.023438;0.952637
0.023682;0.970129
0.023926;0.983663
0.024170;0.993171
0.024414;0.998606
0.024658;0.999935
0.024902;0.997142
0.025146;0.990228
0.025391;0.979210
0.025635;0.964124
0.025879;0.945022
0.026123;0.921972
0.026367;0.895059
0.026611;0.864387
0.026855;0.830072
0.027100;0.792248
0.027344;0.751064
0.027588;0.706685
0.027832;0.659287
0.028076;0.609063
0.028320;0.556216
0.028564;0.500963
0.028809;0.443531
0.029053;0.384158
0.029297;0.323091
0.029541;0.260586
0.029785;0.196906
0.030029;0.132320
0.030273;0.067102
0.030518;0.001530
0.030762;-0.064113
0.031006;-0.129544
0.031250;-0.194481
0.031494;-0.258640
0.031738;-0.321740
0.031982;-0.383503
0.032227;-0.443656
0.032471;-0.501931
0.032715;-0.558067
0.032959;-0.611810
0.033203;-0.662918
0.033447;-0.711157
0.033691;-0.756304
0.033936;-0.798150
0.034180;-0.836499
0.034424;-0.871168
0.034668;-0.901993
0.034912;-0.928823
0.035156;-0.951524
0.035400;-0.969982
0.035645;-0.984100
0.035889;-0.993800
0.036133;-0.999024
0.036377;-0.999733
0.036621;-0.995909
0.036865;-0.987554
0.037109;-0.974692
0.037354;-0.957365
0.037598;-0.935639
0.037842;-0.909597
0.038086;-0.879346
0.038330;-0.845009
0.038574;-0.806731
0.038818;-0.764677
0.039063;-0.719028
0.039307;-0.669983
0.039551;-0.617761
0.039795;-0.562593
0.040039;-0.504727
0.040283;-0.444426
0.040527;-0.381965
0.040771;-0.317631
0.041016;-0.251720
0.041260;-0.184540
0.041504;-0.116405
0.041748;-0.047636
0.041992;0.021441
0.042236;0.090498
0.042480;0.159203
0.042725;0.227225
0.042969;0.294234
0.043213;0.359902
0.043457;0.423908
0.043701;0.485934
0.043945;0.545673
0.044189;0.602824
0.044434;0.657100
0.044678;0.708223
0.044922;0.755931
0.045166;0.799978
0.045410;0.840132
0.045654;0.876181
0.045898;0.907931
0.046143;0.935208
0.046387;0.957860
0.046631;0.975758
0.046875;0.988793
0.047119;0.996883
0.047363;0.999968
0.047607;0.998015
0.047852;0.991014
0.048096;0.978983
0.048340;0.961964
0.048584;0.940026
0.048828;0.913261
0.049072;0.881790
0.049316;0.845755
0.049561;0.805326
0.049805;0.760695
0.050049;0.712077
0.050293;0.659708
0.050537;0.603847
0.050781;0.544772
0.051025;0.482780
0.051270;0.418184
0.051514;0.351313
0.051758;0.282511
0.052002;0.212134
0.052246;0.140547
0.052490;0.068126
0.052734;-0.004747
0.052979;-0.077687
0.053223;-0.150302
0.053467;-0.222204
0.053711;-0.293003
0.053955;-0.362315
0.054199;-0.429759
0.054443;-0.494965
0.054688;-0.557569
0.054932;-0.617222
0.055176;-0.673588
0.055420;-0.726345
0.055664;-0.775193
0.055908;-0.819846
0.056152;-0.860045
0.056396;-0.895551
0.056641;-0.926148
0.056885;-0.951650
0.057129;-0.971895
0.057373;-0.986751
0.057617;-0.996114
0.057861;-0.999911
0.058105;-0.998101
0.058350;-0.990672
0.058594;-0.977645
0.058838;-0.959073
0.059082;-0.935041
0.059326;-0.905664
0.059570;-0.871091
0.059814;-0.831500
0.060059;-0.787099
0.060303;-0.738124
0.060547;-0.684842
0.060791;-0.627543
0.061035;-0.566544
0.061279;-0.502186
0.061523;-0.434829
0.061768;-0.364857
0.062012;-0.292668
0.062256;-0.218676
0.062500;-0.143310
0.062744;-0.067009
0.062988;0.009781
0.063232;0.086607
0.063477;0.163013
0.063721;0.238544
0.063965;0.312746
0.064209;0.385171
0.064453;0.455379
0.064697;0.522940
0.064941;0.587438
0.065186;0.648473
0.065430;0.705662
0.065674;0.758645
0.065918;0.807086
0.066162;0.850672
0.066406;0.889119
0.066650;0.922175
0.066895;0.949616
0.067139;0.971255
0.067383;0.986936
0.067627;0.996541
0.067871;0.999990
0.068115;0.997239
0.068359;0.988283
0.068604;0.973156
0.068848;0.951930
0.069092;0.924718
0.069336;0.891669
0.069580;0.852971
0.069824;0.808848
0.070068;0.759561
0.070313;0.705403
0.070557;0.646703
0.070801;0.583819
0.071045;0.517137
0.071289;0.447071
0.071533;0.374059
0.071777;0.298561
0.072021;0.221054
0.072266;0.142033
0.072510;0.062003
0.072754;-0.018519
0.072998;-0.099012
0.073242;-0.178950
0.073486;-0.257810
0.073730;-0.335072
0.073975;-0.410222
0.074219;-0.482761
0.074463;-0.552201
0.074707;-0.618073
0.074951;-0.679929
0.075195;-0.737345
0.075439;-0.789925
0.075684;-0.837303
0.075928;-0.879145
0.076172;-0.915153
0.076416;-0.945067
0.076660;-0.968665
0.076904;-0.985769
0.077148;-0.996241
0.077393;-0.999990
0.077637;-0.996969
0.077881;-0.987176
0.078125;-0.970658
0.078369;-0.947504
0.078613;-0.917854
0.078857;-0.881888
0.079102;-0.839836
0.079346;-0.791966
0.079590;-0.738591
0.079834;-0.680063
0.080078;-0.616770
0.080322;-0.549139
0.080566;-0.477624
0.080811;-0.402713
0.081055;-0.324918
0.081299;-0.244774
0.081543;-0.162836
0.081787;-0.079675
0.082031;0.004129
0.082275;0.087987
0.082520;0.171306
0.082764;0.253495
0.083008;0.333969
0.083252;0.412149
0.083496;0.487474
0.083740;0.559397
0.083984;0.627395
0.084229;0.690969
0.084473;0.749651
0.084717;0.803005
0.084961;0.850632
0.085205;0.892173
0.085449;0.927309
0.085693;0.955768
0.085938;0.977326
0.086182;0.991807
0.086426;0.999086
0.086670;0.999090
0.086914;0.991799
0.087158;0.977248
0.087402;0.955522
0.087646;0.926763
0.087891;0.891163
0.088135;0.848967
0.088379;0.800469
0.088623;0.746012
0.088867;0.685983
0.089111;0.620813
0.089355;0.550975
0.089600;0.476976
0.089844;0.399359
0.090088;0.318693
0.090332;0.235576
0.090576;0.150624
0.090820;0.064472
0.091064;-0.022235
0.091309;-0.108846
0.091553;-0.194706
0.091797;-0.279164
0.092041;-0.361577
0.092285;-0.441315
0.092529;-0.517766
0.092773;-0.590340
0.093018;-0.658475
0.093262;-0.721640
0.093506;-0.779341
0.093750;-0.831124
0.093994;-0.876578
0.094238;-0.915340
0.094482;-0.947096
0.094727;-0.971585
0.094971;-0.988604
0.095215;-0.998003
0.095459;-0.999694
0.095703;-0.993646
0.095947;-0.979890
0.096191;-0.958516
0.096436;-0.929674
0.096680;-0.893573
0.096924;-0.850480
0.097168;-0.800717
0.097412;-0.744660
0.097656;-0.682734
0.097900;-0.615414
0.098145;-0.543218
0.098389;-0.466704
0.098633;-0.386466
0.098877;-0.303131
0.099121;-0.217349
0.099365;-0.129795
0.099609;-0.041159
0.099854;0.047859
0.100098;0.136553
0.100342;0.224218
0.100586;0.310153
0.100830;0.393671
0.101074;0.474101
0.101318;0.550796
0.101563;0.623135
0.101807;0.690532
0.102051;0.752438
0.102295;0.808347
0.102539;0.857799
0.102783;0.900386
0.103027;0.935754
0.103271;0.963605
0.103516;0.983702
0.103760;0.995871
0.104004;1.000000
0.104248;0.996043
0.104492;0.984019
0.104736;0.964014
0.104980;0.936178
0.105225;0.900725
0.105469;0.857931
0.105713;0.808136
0.105957;0.751733
0.106201;0.689175
0.106445;0.620962
0.106689;0.547646
0.106934;0.469818
0.107178;0.388109
0.107422;0.303185
0.107666;0.215738
0.107910;0.126482
0.108154;0.036148
0.108398;-0.054520
0.108643;-0.144779
0.108887;-0.233882
0.109131;-0.321095
0.109375;-0.405694
0.109619;-0.486979
0.109863;-0.564273
0.110107;-0.636932
0.110352;-0.704349
0.110596;-0.765960
0.110840;-0.821248
0.111084;-0.869746
0.111328;-0.911046
0.111572;-0.944796
0.111816;-0.970708
0.112061;-0.988559
0.112305;-0.998191
0.112549;-0.999516
0.112793;-0.992516
0.113037;-0.977240
0.113281;-0.953810
0.113525;-0.922412
0.113770;-0.883303
0.114014;-0.836803
0.114258;-0.783294
0.114502;-0.723219
0.114746;-0.657074
0.114990;-0.585411
0.115234;-0.508825
0.115479;-0.427955
0.115723;-0.343477
0.115967;-0.256096
0.116211;-0.166546
0.116455;-0.075577
0.116699;0.016046
0.116943;0.107554
0.117188;0.198177
0.117432;0.287151
0.117676;0.373725
0.117920;0.457169
0.118164;0.536779
0.118408;0.611880
0.118652;0.681838
0.118896;0.746059
0.119141;0.803999
0.119385;0.855165
0.119629;0.899123
0.119873;0.935499
0.120117;0.963981
0.120361;0.984327
0.120605;0.996361
0.120850;0.999978
0.121094;0.995146
0.121338;0.981902
0.121582;0.960357
0.121826;0.930690
0.122070;0.893150
0.122314;0.848052
0.122559;0.795779
0.122803;0.736769
0.123047;0.671522
0.123291;0.600590
0.123535;0.524572
0.123779;0.444111
0.124023;0.359889
0.124268;0.272619
0.124512;0.183039
0.124756;0.091909
0.125000;-0.000000
0.125244;-0.091909
0.125488;-0.183039
0.125732;-0.272619
0.125977;-0.359889
0.126221;-0.444111
0.126465;-0.524572
0.126709;-0.600590
0.126953;-0.671522
0.127197;-0.736769
0.127441;-0.795779
0.127686;-0.848052
0.127930;-0.893150
0.128174;-0.930690
0.128418;-0.960357
0.128662;-0.981902
0.128906;-0.995146
0.129150;-0.999978
0.129395;-0.996361
0.129639;-0.984327
0.129883;-0.963981
0.130127;-0.935499
0.130371;-0.899123
0.130615;-0.855165
0.130859;-0.803999
0.131104;-0.746059
0.131348;-0.681838
0.131592;-0.611880
0.131836;-0.536779
0.132080;-0.457169
0.132324;-0.373725
0.132568;-0.287151
0.132813;-0.198177
0.133057;-0.107554
0.133301;-0.016046
0.133545;0.075577
0.133789;0.166546
0.134033;0.256096
0.134277;0.343477
0.134521;0.427955
0.134766;0.508825
0.135010;0.585411
0.135254;0.657074
0.135498;0.723219
0.135742;0.783294
0.135986;0.836803
0.136230;0.883303
0.136475;0.922412
0.136719;0.953810
0.136963;0.977240
0.137207;0.992516
0.137451;0.999516
0.137695;0.998191
0.137939;0.988559
0.138184;0.970708
0.138428;0.944796
0.138672;0.911046
0.138916;0.869746
0.139160;0.821248
0.139404;0.765960
0.139648;0.704349
0.139893;0.636932
0.140137;0.564273
0.140381;0.486979
0.140625;0.405694
0.140869;0.321095
0.141113;0.233882
0.141357;0.144779
0.141602;0.054520
0.141846;-0.036148
0.142090;-0.126482
0.142334;-0.215738
0.142578;-0.303185
0.142822;-0.388109
0.143066;-0.469818
0.143311;-0.547646
0.143555;-0.620962
0.143799;-0.689175
0.144043;-0.751733
0.144287;-0.808136
0.144531;-0.857931
0.144775;-0.900725
0.145020;-0.936178
0.145264;-0.964014
0.145508;-0.984019
0.145752;-0.996043
0.145996;-1.000000
0.146240;-0.995871
0.146484;-0.983702
0.146729;-0.963605
0.146973;-0.935754
0.147217;-0.900386
0.147461;-0.857799
0.147705;-0.808347
0.147949;-0.752438
0.148193;-0.690532
0.148438;-0.623135
0.148682;-0.550796
0.148926;-0.474101
0.149170;-0.393671
0.149414;-0.310153
0.149658;-0.224218
0.149902;-0.136553
0.150146;-0.047859
0.150391;0.041159
0.150635;0.129795
0.150879;0.217349
0.151123;0.303131
0.151367;0.386466
0.151611;0.466704
0.151855;0.543218
0.152100;0.615414
0.152344;0.682734
0.152588;0.744660
0.152832;0.800717
0.153076;0.850480
0.153320;0.893573
0.153564;0.929674
0.153809;0.958516
0.154053;0.979890
0.154297;0.993646
0.154541;0.999694
0.154785;0.998003
0.155029;0.988604
0.155273;0.971585
0.155518;0.947096
0.155762;0.915340
0.156006;0.876578
0.156250;0.831124
0.156494;0.779341
0.156738;0.721640
0.156982;0.658475
0.157227;0.590340
0.157471;0.517766
0.157715;0.441315
0.157959;0.361577
0.158203;0.279164
0.158447;0.194706
0.158691;0.108846
0.158936;0.022235
0.159180;-0.064472
0.159424;-0.150624
0.159668;-0.235576
0.159912;-0.318693
0.160156;-0.399359
0.160400;-0.476976
0.160645;-0.550975
0.160889;-0.620813
0.161133;-0.685983
0.161377;-0.746012
0.161621;-0.800469
0.161865;-0.848967
0.162109;-0.891163
0.162354;-0.926763
0.162598;-0.955522
0.162842;-0.977248
0.163086;-0.991799
0.163330;-0.999090
0.163574;-0.999086
0.163818;-0.991807
0.164063;-0.977326
0.164307;-0.955768
0.164551;-0.927309
0.164795;-0.892173
0.165039;-0.850632
0.165283;-0.803005
0.165527;-0.749651
0.165771;-0.690969
0.166016;-0.627395
0.166260;-0.559397
0.166504;-0.487474
0.166748;-0.412149
0.166992;-0.333969
0.167236;-0.253495
0.167480;-0.171306
0.167725;-0.087987
0.167969;-0.004129
0.168213;0.079675
0.168457;0.162836
0.168701;0.244774
0.168945;0.324918
0.169189;0.402713
0.169434;0.477624
0.169678;0.549139
0.169922;0.616770
0.170166;0.680063
0.170410;0.738591
0.170654;0.791966
0.170898;0.839836
0.171143;0.881888
0.171387;0.917854
0.171631;0.947504
0.171875;0.970658
0.172119;0.987176
0.172363;0.996969
0.172607;0.999990
0.172852;0.996241
0.173096;0.985769
0.173340;0.968665
0.173584;0.945067
0.173828;0.915153
0.174072;0.879145
0.174316;0.837303
0.174561;0.789925
0.174805;0.737345
0.175049;0.679929
0.175293;0.618073
0.175537;0.552201
0.175781;0.482761
0.176025;0.410222
0.176270;0.335072
0.176514;0.257810
0.176758;0.178950
0.177002;0.099012
0.177246;0.018519
0.177490;-0.062003
0.177734;-0.142033
0.177979;-0.221054
0.178223;-0.298561
0.178467;-0.374059
0.178711;-0.447071
0.178955;-0.517137
0.179199;-0.583819
0.179443;-0.646703
0.179688;-0.705403
0.179932;-0.759561
0.180176;-0.808848
0.180420;-0.852971
0.180664;-0.891669
0.180908;-0.924718
0.181152;-0.951930
0.181396;-0.973156
0.181641;-0.988283
0.181885;-0.997239
0.182129;-0.999990
0.182373;-0.996541
0.182617;-0.986936
0.182861;-0.971255
0.183105;-0.949616
0.183350;-0.922175
0.183594;-0.889119
0.183838;-0.850672
0.184082;-0.807086
0.184326;-0.758645
0.184570;-0.705662
0.184814;-0.648473
0.185059;-0.587438
0.185303;-0.522940
0.185547;-0.455379
0.185791;-0.385171
0.186035;-0.312746
0.186279;-0.238544
0.186523;-0.163013
0.186768;-0.086607
0.187012;-0.009781
0.187256;0.067009
0.187500;0.143310
0.187744;0.218676
0.187988;0.292668
0.188232;0.364857
0.188477;0.434829
0.188721;0.502186
0.188965;0.566544
0.189209;0.627543
0.189453;0.684842
0.189697;0.738124
0.189941;0.787099
0.190186;0.831500
0.190430;0.871091
0.190674;0.905664
0.190918;0.935041
0.191162;0.959073
0.191406;0.977645
0.191650;0.990672
0.191895;0.998101
0.192139;0.999911
0.192383;0.996114
0.192627;0.986751
0.192871;0.971895
0.193115;0.951650
0.193359;0.926148
0.193604;0.895551
0.193848;0.860045
0.194092;0.819846
0.194336;0.775193
0.194580;0.726345
0.194824;0.673588
0.195068;0.617222
0.195313;0.557569
0.195557;0.494965
0.195801;0.429759
0.196045;0.362315
0.196289;0.293003
0.196533;0.222204
0.196777;0.150302
0.197021;0.077687
0.197266;0.004747
0.197510;-0.068126
0.197754;-0.140547
0.197998;-0.212134
0.198242;-0.282511
0.198486;-0.351313
0.198730;-0.418184
0.198975;-0.482780
0.199219;-0.544772
0.199463;-0.603847
0.199707;-0.659708
0.199951;-0.712077
0.200195;-0.760695
0.200439;-0.805326
0.200684;-0.845755
0.200928;-0.881790
0.201172;-0.913261
0.201416;-0.940026
0.201660;-0.961964
0.201904;-0.978983
0.202148;-0.991014
0.202393;-0.998015
0.202637;-0.999968
0.202881;-0.996883
0.203125;-0.988793
0.203369;-0.975758
0.203613;-0.957860
0.203857;-0.935208
0.204102;-0.907931
0.204346;-0.876181
0.204590;-0.840132
0.204834;-0.799978
0.205078;-0.755931
0.205322;-0.708223
0.205566;-0.657100
0.205811;-0.602824
0.206055;-0.545673
0.206299;-0.485934
0.206543;-0.423908
0.206787;-0.359902
0.207031;-0.294234
0.207275;-0.227225
0.207520;-0.159203
0.207764;-0.090498
0.208008;-0.021441
0.208252;0.047636
0.208496;0.116405
0.208740;0.184540
0.208984;0.251720
0.209229;0.317631
0.209473;0.381965
0.209717;0.444426
0.209961;0.504727
0.210205;0.562593
0.210449;0.617761
0.210693;0.669983
0.210938;0.719028
0.211182;0.764677
0.211426;0.806731
0.211670;0.845009
0.211914;0.879346
0.212158;0.909597
0.212402;0.935639
0.212646;0.957365
0.212891;0.974692
0.213135;0.987554
0.213379;0.995909
0.213623;0.999733
0.213867;0.999024
0.214111;0.993800
0.214355;0.984100
0.214600;0.969982
0.214844;0.951524
0.215088;0.928823
0.215332;0.901993
0.215576;0.871168
0.215820;0.836499
0.216064;0.798150
0.216309;0.756304
0.216553;0.711157
0.216797;0.662918
0.217041;0.611810
0.217285;0.558067
0.217529;0.501931
0.217773;0.443656
0.218018;0.383503
0.218262;0.321740
0.218506;0.258640
0.218750;0.194481
0.218994;0.129544
0.219238;0.064113
0.219482;-0.001530
0.219727;-0.067102
0.219971;-0.132320
0.220215;-0.196906
0.220459;-0.260586
0.220703;-0.323091
0.220947;-0.384158
0.221191;-0.443531
0.221436;-0.500963
0.221680;-0.556216
0.221924;-0.609063
0.222168;-0.659287
0.222412;-0.706685
0.222656;-0.751064
0.222900;-0.792248
0.223145;-0.830072
0.223389;-0.864387
0.223633;-0.895059
0.223877;-0.921972
0.224121;-0.945022
0.224365;-0.964124
0.224609;-0.979210
0.224854;-0.990228
0.225098;-0.997142
0.225342;-0.999935
0.225586;-0.998606
0.225830;-0.993171
0.226074;-0.983663
0.226318;-0.970129
0.226563;-0.952637
0.226807;-0.931267
0.227051;-0.906115
0.227295;-0.877293
0.227539;-0.844927
0.227783;-0.809156
0.228027;-0.770133
0.228271;-0.728024
0.228516;-0.683006
0.228760;-0.635265
0.229004;-0.585002
0.229248;-0.532423
0.229492;-0.477744
0.229736;-0.421189
0.229980;-0.362988
0.230225;-0.303377
0.230469;-0.242597
0.230713;-0.180893
0.230957;-0.118510
0.231201;-0.055699
0.231445;0.007290
0.231689;0.070209
0.231934;0.132807
0.232178;0.194839
0.232422;0.256062
0.232666;0.316235
0.232910;0.375124
0.233154;0.432500
0.233398;0.488140
0.233643;0.541831
0.233887;0.593365
0.234131;0.642544
0.234375;0.689182
0.234619;0.733099
0.234863;0.774131
0.235107;0.812122
0.235352;0.846930
0.235596;0.878424
0.235840;0.906488
0.236084;0.931019
0.236328;0.951927
0.236572;0.969137
0.236816;0.982589
0.237061;0.992235
0.237305;0.998044
0.237549;1.000000
0.237793;0.998100
0.238037;0.992357
0.238281;0.982798
0.238525;0.969465
0.238770;0.952414
0.239014;0.931715
0.239258;0.907452
0.239502;0.879722
0.239746;0.848635
0.239990;0.814313
0.240234;0.776892
0.240479;0.736517
0.240723;0.693346
0.240967;0.647545
0.241211;0.599292
0.241455;0.548772
0.241699;0.496179
0.241943;0.441716
0.242188;0.385590
0.242432;0.328016
0.242676;0.269212
0.242920;0.209404
0.243164;0.148817
0.243408;0.087682
0.243652;0.026230
0.243896;-0.035306
0.244141;-0.096694
0.244385;-0.157703
0.244629;-0.218102
0.244873;-0.277664
0.245117;-0.336165
0.245361;-0.393386
0.245605;-0.449110
0.245850;-0.503130
0.246094;-0.555243
0.246338;-0.605253
0.246582;-0.652973
0.246826;-0.698225
0.247070;-0.740839
0.247314;-0.780657
0.247559;-0.817529
0.247803;-0.851318
0.248047;-0.881898
0.248291;-0.909154
0.248535;-0.932985
0.248779;-0.953302
0.249023;-0.970030
0.249268;-0.983105
0.249512;-0.992479
0.249756;-0.998118
0.250000;-1.000000
0.250244;-0.998118
0.250488;-0.992479
0.250732;-0.983105
0.250977;-0.970030
0.251221;-0.953302
0.251465;-0.932985
0.251709;-0.909154
0.251953;-0.881898
0.252197;-0.851318
0.252441;-0.817529
0.252686;-0.780657
0.252930;-0.740839
0.253174;-0.698225
0.253418;-0.652973
0.253662;-0.605253
0.253906;-0.555243
0.254150;-0.503130
0.254395;-0.449110
0.254639;-0.393386
0.254883;-0.336165
0.255127;-0.277664
0.255371;-0.218102
0.255615;-0.157703
0.255859;-0.096694
0.256104;-0.035306
0.256348;0.026230
0.256592;0.087682
0.256836;0.148817
0.257080;0.209404
0.257324;0.269212
0.257568;0.328016
0.257813;0.385590
0.258057;0.441716
0.258301;0.496179
0.258545;0.548772
0.258789;0.599292
0.259033;0.647545
0.259277;0.693346
0.259521;0.736517
0.259766;0.776892
0.260010;0.814313
0.260254;0.848635
0.260498;0.879722
0.260742;0.907452
0.260986;0.931715
0.261230;0.952414
0.261475;0.969465
0.261719;0.982798
0.261963;0.992357
0.262207;0.998100
0.262451;1.000000
0.262695;0.998044
0.262939;0.992235
0.263184;0.982589
0.263428;0.969137
0.263672;0.951927
0.263916;0.931019
0.264160;0.906488
0.264404;0.878424
0.264648;0.846930
0.264893;0.812122
0.265137;0.774131
0.265381;0.733099
0.265625;0.689182
0.265869;0.642544
0.266113;0.593365
0.266357;0.541831
0.266602;0.488140
0.266846;0.432500
0.267090;0.375124
0.267334;0.316235
0.267578;0.256062
0.267822;0.194839
0.268066;0.132807
0.268311;0.070209
0.268555;0.007290
0.268799;-0.055699
0.269043;-0.118510
0.269287;-0.180893
0.269531;-0.242597
0.269775;-0.303377
0.270020;-0.362988
0.270264;-0.421189
0.270508;-0.477744
0.270752;-0.532423
0.270996;-0.585002
0.271240;-0.635265
0.271484;-0.683006
0.271729;-0.728024
0.271973;-0.770133
0.272217;-0.809156
0.272461;-0.844927
0.272705;-0.877293
0.272949;-0.906115
0.273193;-0.931267
0.273438;-0.952637
0.273682;-0.970129
0.273926;-0.983663
0.274170;-0.993171
0.274414;-0.998606
0.274658;-0.999935
0.274902;-0.997142
0.275146;-0.990228
0.275391;-0.979210
0.275635;-0.964124
0.275879;-0.945022
0.276123;-0.921972
0.276367;-0.895059
0.276611;-0.864387
0.276855;-0.830072
0.277100;-0.792248
0.277344;-0.751064
0.277588;-0.706685
0.277832;-0.659287
0.278076;-0.609063
0.278320;-0.556216
0.278564;-0.500963
0.278809;-0.443531
0.279053;-0.384158
0.279297;-0.323091
0.279541;-0.260586
0.279785;-0.196906
0.280029;-0.132320
0.280273;-0.067102
0.280518;-0.001530
0.280762;0.064113
0.281006;0.129544
0.281250;0.194481
0.281494;0.258640
0.281738;0.321740
0.281982;0.383503
0.282227;0.443656
0.282471;0.501931
0.282715;0.558067
0.282959;0.611810
0.283203;0.662918
0.283447;0.711157
0.283691;0.756304
0.283936;0.798150
0.284180;0.836499
0.284424;0.871168
0.284668;0.901993
0.284912;0.928823
0.285156;0.951524
0.285400;0.969982
0.285645;0.984100
0.285889;0.993800
0.286133;0.999024
0.286377;0.999733
0.286621;0.995909
0.286865;0.987554
0.287109;0.974692
0.287354;0.957365
0.287598;0.935639
0.287842;0.909597
0.288086;0.879346
0.288330;0.845009
0.288574;0.806731
0.288818;0.764677
0.289063;0.719028
0.289307;0.669983
0.289551;0.617761
0.289795;0.562593
0.290039;0.504727
0.290283;0.444426
0.290527;0.381965
0.290771;0.317631
0.291016;0.251720
0.291260;0.184540
0.291504;0.116405
0.291748;0.047636
0.291992;-0.021441
0.292236;-0.090498
0.292480;-0.159203
0.292725;-0.227225
0.292969;-0.294234
0.293213;-0.359902
0.293457;-0.423908
0.293701;-0.485934
0.293945;-0.545673
0.294189;-0.602824
0.294434;-0.657100
0.294678;-0.708223
0.294922;-0.755931
0.295166;-0.799978
0.295410;-0.840132
0.295654;-0.876181
0.295898;-0.907931
0.296143;-0.935208
0.296387;-0.957860
0.296631;-0.975758
0.296875;-0.988793
0.297119;-0.996883
0.297363;-0.999968
0.297607;-0.998015
0.297852;-0.991014
0.298096;-0.978983
0.298340;-0.961964
0.298584;-0.940026
0.298828;-0.913261
0.299072;-0.881790
0.299316;-0.845755
0.299561;-0.805326
0.299805;-0.760695
0.300049;-0.712077
0.300293;-0.659708
0.300537;-0.603847
0.300781;-0.544772
0.301025;-0.482780
0.301270;-0.418184
0.301514;-0.351313
0.301758;-0.282511
0.302002;-0.212134
0.302246;-0.140547
0.302490;-0.068126
0.302734;0.004747
0.302979;0.077687
0.303223;0.150302
0.303467;0.222204
0.303711;0.293003
0.303955;0.362315
0.304199;0.429759
0.304443;0.494965
0.304688;0.557569
0.304932;0.617222
0.305176;0.673588
0.305420;0.726345
0.305664;0.775193
0.305908;0.819846
0.306152;0.860045
0.306396;0.895551
0.306641;0.926148
0.306885;0.951650
0.307129;0.971895
0.307373;0.986751
0.307617;0.996114
0.307861;0.999911
0.308105;0.998101
0.308350;0.990672
0.308594;0.977645
0.308838;0.959073
0.309082;0.935041
0.309326;0.905664
0.309570;0.871091
0.309814;0.831500
0.310059;0.787099
0.310303;0.738124
0.310547;0.684842
0.310791;0.627543
0.311035;0.566544
0.311279;0.502186
0.311523;0.434829
0.311768;0.364857
0.312012;0.292668
0.312256;0.218676
0.312500;0.143310
0.312744;0.067009
0.312988;-0.009781
0.313232;-0.086607
0.313477;-0.163013
0.313721;-0.238544
0.313965;-0.312746
0.314209;-0.385171
0.314453;-0.455379
0.314697;-0.522940
0.314941;-0.587438
0.315186;-0.648473
0.315430;-0.705662
0.315674;-0.758645
0.315918;-0.807086
0.316162;-0.850672
0.316406;-0.889119
0.316650;-0.922175
0.316895;-0.949616
0.317139;-0.971255
0.317383;-0.986936
0.317627;-0.996541
0.317871;-0.999990
0.318115;-0.997239
0.318359;-0.988283
0.318604;-0.973156
0.318848;-0.951930
0.319092;-0.924718
0.319336;-0.891669
0.319580;-0.852971
0.319824;-0.808848
0.320068;-0.759561
0.320313;-0.705403
0.320557;-0.646703
0.320801;-0.583819
0.321045;-0.517137
0.321289;-0.447071
0.321533;-0.374059
0.321777;-0.298561
0.322021;-0.221054
0.322266;-0.142033
0.322510;-0.062003
0.322754;0.018519
0.322998;0.099012
0.323242;0.178950
0.323486;0.257810
0.323730;0.335072
0.323975;0.410222
0.324219;0.482761
0.324463;0.552201
0.324707;0.618073
0.324951;0.679929
0.325195;0.737345
0.325439;0.789925
0.325684;0.837303
0.325928;0.879145
0.326172;0.915153
0.326416;0.945067
0.326660;0.968665
0.326904;0.985769
0.327148;0.996241
0.327393;0.999990
0.327637;0.996969
0.327881;0.987176
0.328125;0.970658
0.328369;0.947504
0.328613;0.917854
0.328857;0.881888
0.329102;0.839836
0.329346;0.791966
0.329590;0.738591
0.329834;0.680063
0.330078;0.616770
0.330322;0.549139
0.330566;0.477624
0.330811;0.402713
0.331055;0.324918
0.331299;0.244774
0.331543;0.162836
0.331787;0.079675
0.332031;-0.004129
0.332275;-0.087987
0.332520;-0.171306
0.332764;-0.253495
0.333008;-0.333969
0.333252;-0.412149
0.333496;-0.487474
0.333740;-0.559397
0.333984;-0.627395
0.334229;-0.690969
0.334473;-0.749651
0.334717;-0.803005
0.334961;-0.850632
0.335205;-0.892173
0.335449;-0.927309
0.335693;-0.955768
0.335938;-0.977326
0.336182;-0.991807
0.336426;-0.999086
0.336670;-0.999090
0.336914;-0.991799
0.337158;-0.977248
0.337402;-0.955522
0.337646;-0.926763
0.337891;-0.891163
0.338135;-0.848967
0.338379;-0.800469
0.338623;-0.746012
0.338867;-0.685983
0.339111;-0.620813
0.339355;-0.550975
0.339600;-0.476976
0.339844;-0.399359
0.340088;-0.318693
0.340332;-0.235576
0.340576;-0.150624
0.340820;-0.064472
0.341064;0.022235
0.341309;0.108846
0.341553;0.194706
0.341797;0.279164
0.342041;0.361577
0.342285;0.441315
0.342529;0.517766
0.342773;0.590340
0.343018;0.658475
0.343262;0.721640
0.343506;0.779341
0.343750;0.831124
0.343994;0.876578
0.344238;0.915340
0.344482;0.947096
0.344727;0.971585
0.344971;0.988604
0.345215;0.998003
0.345459;0.999694
0.345703;0.993646
0.345947;0.979890
0.346191;0.958516
0.346436;0.929674
0.346680;0.893573
0.346924;0.850480
0.347168;0.800717
0.347412;0.744660
0.347656;0.682734
0.347900;0.615414
0.348145;0.543218
0.348389;0.466704
0.348633;0.386466
0.348877;0.303131
0.349121;0.217349
0.349365;0.129795
0.349609;0.041159
0.349854;-0.047859
0.350098;-0.136553
0.350342;-0.224218
0.350586;-0.310153
0.350830;-0.393671
0.351074;-0.474101
0.351318;-0.550796
0.351563;-0.623135
0.351807;-0.690532
0.352051;-0.752438
0.352295;-0.808347
0.352539;-0.857799
0.352783;-0.900386
0.353027;-0.935754
0.353271;-0.963605
0.353516;-0.983702
0.353760;-0.995871
0.354004;-1.000000
0.354248;-0.996043
0.354492;-0.984019
0.354736;-0.964014
0.354980;-0.936178
0.355225;-0.900725
0.355469;-0.857931
0.355713;-0.808136
0.355957;-0.751733
0.356201;-0.689175
0.356445;-0.620962
0.356689;-0.547646
0.356934;-0.469818
0.357178;-0.388109
0.357422;-0.303185
0.357666;-0.215738
0.357910;-0.126482
0.358154;-0.036148
0.358398;0.054520
0.358643;0.144779
0.358887;0.233882
0.359131;0.321095
0.359375;0.405694
0.359619;0.486979
0.359863;0.564273
0.360107;0.636932
0.360352;0.704349
0.360596;0.765960
0.360840;0.821248
0.361084;0.869746
0.361328;0.911046
0.361572;0.944796
0.361816;0.970708
0.362061;0.988559
0.362305;0.998191
0.362549;0.999516
0.362793;0.992516
0.363037;0.977240
0.363281;0.953810
0.363525;0.922412
0.363770;0.883303
0.364014;0.836803
0.364258;0.783294
0.364502;0.723219
0.364746;0.657074
0.364990;0.585411
0.365234;0.508825
0.365479;0.427955
0.365723;0.343477
0.365967;0.256096
0.366211;0.166546
0.366455;0.075577
0.366699;-0.016046
0.366943;-0.107554
0.367188;-0.198177
0.367432;-0.287151
0.367676;-0.373725
0.367920;-0.457169
0.368164;-0.536779
0.368408;-0.611880
0.368652;-0.681838
0.368896;-0.746059
0.369141;-0.803999
0.369385;-0.855165
0.369629;-0.899123
0.369873;-0.935499
0.370117;-0.963981
0.370361;-0.984327
0.370605;-0.996361
0.370850;-0.999978
0.371094;-0.995146
0.371338;-0.981902
0.371582;-0.960357
0.371826;-0.930690
0.372070;-0.893150
0.372314;-0.848052
0.372559;-0.795779
0.372803;-0.736769
0.373047;-0.671522
0.373291;-0.600590
0.373535;-0.524572
0.373779;-0.444111
0.374023;-0.359889
0.374268;-0.272619
0.374512;-0.183039
0.374756;-0.091909
0.375000;-0.000000
0.375244;0.091909
0.375488;0.183039
0.375732;0.272619
0.375977;0.359889
0.376221;0.444111
0.376465;0.524572
0.376709;0.600590
0.376953;0.671522
0.377197;0.736769
0.377441;0.795779
0.377686;0.848052
0.377930;0.893150
0.378174;0.930690
0.378418;0.960357
0.378662;0.981902
0.378906;0.995146
0.379150;0.999978
0.379395;0.996361
0.379639;0.984327
0.379883;0.963981
0.380127;0.935499
0.380371;0.899123
0.380615;0.855165
0.380859;0.803999
0.381104;0.746059
0.381348;0.681838
0.381592;0.611880
0.381836;0.536779
0.382080;0.457169
0.382324;0.373725
0.382568;0.287151
0.382813;0.198177
0.383057;0.107554
0.383301;0.016046
0.383545;-0.075577
0.383789;-0.166546
0.384033;-0.256096
0.384277;-0.343477
0.384521;-0.427955
0.384766;-0.508825
0.385010;-0.585411
0.385254;-0.657074
0.385498;-0.723219
0.385742;-0.783294
0.385986;-0.836803
0.386230;-0.883303
0.386475;-0.922412
0.386719;-0.953810
0.386963;-0.977240
0.387207;-0.992516
0.387451;-0.999516
0.387695;-0.998191
0.387939;-0.988559
0.388184;-0.970708
0.388428;-0.944796
0.388672;-0.911046
0.388916;-0.869746
0.389160;-0.821248
0.389404;-0.765960
0.389648;-0.704349
0.389893;-0.636932
0.390137;-0.564273
0.390381;-0.486979
0.390625;-0.405694
0.390869;-0.321095
0.391113;-0.233882
0.391357;-0.144779
0.391602;-0.054520
0.391846;0.036148
0.392090;0.126482
0.392334;0.215738
0.392578;0.303185
0.392822;0.388109
0.393066;0.469818
0.393311;0.547646
0.393555;0.620962
0.393799;0.689175
0.394043;0.751733
0.394287;0.808136
0.394531;0.857931
0.394775;0.900725
0.395020;0.936178
0.395264;0.964014
0.395508;0.984019
0.395752;0.996043
0.395996;1.000000
0.396240;0.995871
0.396484;0.983702
0.396729;0.963605
0.396973;0.935754
0.397217;0.900386
0.397461;0.857799
0.397705;0.808347
0.397949;0.752438
0.398193;0.690532
0.398438;0.623135
0.398682;0.550796
0.398926;0.474101
0.399170;0.393671
0.399414;0.310153
0.399658;0.224218
0.399902;0.136553
0.400146;0.047859
0.400391;-0.041159
0.400635;-0.129795
0.400879;-0.217349
0.401123;-0.303131
0.401367;-0.386466
0.401611;-0.466704
0.401855;-0.543218
0.402100;-0.615414
0.402344;-0.682734
0.402588;-0.744660
0.402832;-0.800717
0.403076;-0.850480
0.403320;-0.893573
0.403564;-0.929674
0.403809;-0.958516
0.404053;-0.979890
0.404297;-0.993646
0.404541;-0.999694
0.404785;-0.998003
0.405029;-0.988604
0.405273;-0.971585
0.405518;-0.947096
0.405762;-0.915340
0.406006;-0.876578
0.406250;-0.831124
0.406494;-0.779341
0.406738;-0.721640
0.406982;-0.658475
0.407227;-0.590340
0.407471;-0.517766
0.407715;-0.441315
0.407959;-0.361577
0.408203;-0.279164
0.408447;-0.194706
0.408691;-0.108846
0.408936;-0.022235
0.409180;0.064472
0.409424;0.150624
0.409668;0.235576
0.409912;0.318693
0.410156;0.399359
0.410400;0.476976
0.410645;0.550975
0.410889;0.620813
0.411133;0.685983
0.411377;0.746012
0.411621;0.800469
0.411865;0.848967
0.412109;0.891163
0.412354;0.926763
0.412598;0.955522
0.412842;0.977248
0.413086;0.991799
0.413330;0.999090
0.413574;0.999086
0.413818;0.991807
0.414063;0.977326
0.414307;0.955768
0.414551;0.927309
0.414795;0.892173
0.415039;0.850632
0.415283;0.803005
0.415527;0.749651
0.415771;0.690969
0.416016;0.627395
0.416260;0.559397
0.416504;0.487474
0.416748;0.412149
0.416992;0.333969
0.417236;0.253495
0.417480;0.171306
0.417725;0.087987
0.417969;0.004129
0.418213;-0.079675
0.418457;-0.162836
0.418701;-0.244774
0.418945;-0.324918
0.419189;-0.402713
0.419434;-0.477624
0.419678;-0.549139
0.419922;-0.616770
0.420166;-0.680063
0.420410;-0.738591
0.420654;-0.791966
0.420898;-0.839836
0.421143;-0.881888
0.421387;-0.917854
0.421631;-0.947504
0.421875;-0.970658
0.422119;-0.987176
0.422363;-0.996969
0.422607;-0.999990
0.422852;-0.996241
0.423096;-0.985769
0.423340;-0.968665
0.423584;-0.945067
0.423828;-0.915153
0.424072;-0.879145
0.424316;-0.837303
0.424561;-0.789925
0.424805;-0.737345
0.425049;-0.679929
0.425293;-0.618073
0.425537;-0.552201
0.425781;-0.482761
0.426025;-0.410222
0.426270;-0.335072
0.426514;-0.257810
0.426758;-0.178950
0.427002;-0.099012
0.427246;-0.018519
0.427490;0.062003
0.427734;0.142033
0.427979;0.221054
0.428223;0.298561
0.428467;0.374059
0.428711;0.447071
0.428955;0.517137
0.429199;0.583819
0.429443;0.646703
0.429688;0.705403
0.429932;0.759561
0.430176;0.808848
0.430420;0.852971
0.430664;0.891669
0.430908;0.924718
0.431152;0.951930
0.431396;0.973156
0.431641;0.988283
0.431885;0.997239
0.432129;0.999990
0.432373;0.996541
0.432617;0.986936
0.432861;0.971255
0.433105;0.949616
0.433350;0.922175
0.433594;0.889119
0.433838;0.850672
0.434082;0.807086
0.434326;0.758645
0.434570;0.705662
0.434814;0.648473
0.435059;0.587438
0.435303;0.522940
0.435547;0.455379
0.435791;0.385171
0.436035;0.312746
0.436279;0.238544
0.436523;0.163013
0.436768;0.086607
0.437012;0.009781
0.437256;-0.067009
0.437500;-0.143310
0.437744;-0.218676
0.437988;-0.292668
0.438232;-0.364857
0.438477;-0.434829
0.438721;-0.502186
0.438965;-0.566544
0.439209;-0.627543
0.439453;-0.684842
0.439697;-0.738124
0.439941;-0.787099
0.440186;-0.831500
0.440430;-0.871091
0.440674;-0.905664
0.440918;-0.935041
0.441162;-0.959073
0.441406;-0.977645
0.441650;-0.990672
0.441895;-0.998101
0.442139;-0.999911
0.442383;-0.996114
0.442627;-0.986751
0.442871;-0.971895
0.443115;-0.951650
0.443359;-0.926148
0.443604;-0.895551
0.443848;-0.860045
0.444092;-0.819846
0.444336;-0.775193
0.444580;-0.726345
0.444824;-0.673588
0.445068;-0.617222
0.445313;-0.557569
0.445557;-0.494965
0.445801;-0.429759
0.446045;-0.362315
0.446289;-0.293003
0.446533;-0.222204
0.446777;-0.150302
0.447021;-0.077687
0.447266;-0.004747
0.447510;0.068126
0.447754;0.140547
0.447998;0.212134
0.448242;0.282511
0.448486;0.351313
0.448730;0.418184
0.448975;0.482780
0.449219;0.544772
0.449463;0.603847
0.449707;0.659708
0.449951;0.712077
0.450195;0.760695
0.450439;0.805326
0.450684;0.845755
0.450928;0.881790
0.451172;0.913261
0.451416;0.940026
0.451660;0.961964
0.451904;0.978983
0.452148;0.991014
0.452393;0.998015
0.452637;0.999968
0.452881;0.996883
0.453125;0.988793
0.453369;0.975758
0.453613;0.957860
0.453857;0.935208
0.454102;0.907931
0.454346;0.876181
0.454590;0.840132
0.454834;0.799978
0.455078;0.755931
0.455322;0.708223
0.455566;0.657100
0.455811;0.602824
0.456055;0.545673
0.456299;0.485934
0.456543;0.423908
0.456787;0.359902
0.457031;0.294234
0.457275;0.227225
0.457520;0.159203
0.457764;0.090498
0.458008;0.021441
0.458252;-0.047636
0.458496;-0.116405
0.458740;-0.184540
0.458984;-0.251720
0.459229;-0.317631
0.459473;-0.381965
0.459717;-0.444426
0.459961;-0.504727
0.460205;-0.562593
0.460449;-0.617761
0.460693;-0.669983
0.460938;-0.719028
0.461182;-0.764677
0.461426;-0.806731
0.461670;-0.845009
0.461914;-0.879346
0.462158;-0.909597
0.462402;-0.935639
0.462646;-0.957365
0.462891;-0.974692
0.463135;-0.987554
0.463379;-0.995909
0.463623;-0.999733
0.463867;-0.999024
0.464111;-0.993800
0.464355;-0.984100
0.464600;-0.969982
0.464844;-0.951524
0.465088;-0.928823
0.465332;-0.901993
0.465576;-0.871168
0.465820;-0.836499
0.466064;-0.798150
0.466309;-0.756304
0.466553;-0.711157
0.466797;-0.662918
0.467041;-0.611810
0.467285;-0.558067
0.467529;-0.501931
0.467773;-0.443656
0.468018;-0.383503
0.468262;-0.321740
0.468506;-0.258640
0.468750;-0.194481
0.468994;-0.129544
0.469238;-0.064113
0.469482;0.001530
0.469727;0.067102
0.469971;0.132320
0.470215;0.196906
0.470459;0.260586
0.470703;0.323091
0.470947;0.384158
0.471191;0.443531
0.471436;0.500963
0.471680;0.556216
0.471924;0.609063
0.472168;0.659287
0.472412;0.706685
0.472656;0.751064
0.472900;0.792248
0.473145;0.830072
0.473389;0.864387
0.473633;0.895059
0.473877;0.921972
0.474121;0.945022
0.474365;0.964124
0.474609;0.979210
0.474854;0.990228
0.475098;0.997142
0.475342;0.999935
0.475586;0.998606
0.475830;0.993171
0.476074;0.983663
0.476318;0.970129
0.476563;0.952637
0.476807;0.931267
0.477051;0.906115
0.477295;0.877293
0.477539;0.844927
0.477783;0.809156
0.478027;0.770133
0.478271;0.728024
0.478516;0.683006
0.478760;0.635265
0.479004;0.585002
0.479248;0.532423
0.479492;0.477744
0.479736;0.421189
0.479980;0.362988
0.480225;0.303377
0.480469;0.242597
0.480713;0.180893
0.480957;0.118510
0.481201;0.055699
0.481445;-0.007290
0.481689;-0.070209
0.481934;-0.132807
0.482178;-0.194839
0.482422;-0.256062
0.482666;-0.316235
0.482910;-0.375124
0.483154;-0.432500
0.483398;-0.488140
0.483643;-0.541831
0.483887;-0.593365
0.484131;-0.642544
0.484375;-0.689182
0.484619;-0.733099
0.484863;-0.774131
0.485107;-0.812122
0.485352;-0.846930
0.485596;-0.878424
0.485840;-0.906488
0.486084;-0.931019
0.486328;-0.951927
0.486572;-0.969137
0.486816;-0.982589
0.487061;-0.992235
0.487305;-0.998044
0.487549;-1.000000
0.487793;-0.998100
0.488037;-0.992357
0.488281;-0.982798
0.488525;-0.969465
0.488770;-0.952414
0.489014;-0.931715
0.489258;-0.907452
0.489502;-0.879722
0.489746;-0.848635
0.489990;-0.814313
0.490234;-0.776892
0.490479;-0.736517
0.490723;-0.693346
0.490967;-0.647545
0.491211;-0.599292
0.491455;-0.548772
0.491699;-0.496179
0.491943;-0.441716
0.492188;-0.385590
0.492432;-0.328016
0.492676;-0.269212
0.492920;-0.209404
0.493164;-0.148817
0.493408;-0.087682
0.493652;-0.026230
0.493896;0.035306
0.494141;0.096694
0.494385;0.157703
0.494629;0.218102
0.494873;0.277664
0.495117;0.336165
0.495361;0.393386
0.495605;0.449110
0.495850;0.503130
0.496094;0.555243
0.496338;0.605253
0.496582;0.652973
0.496826;0.698225
0.497070;0.740839
0.497314;0.780657
0.497559;0.817529
0.497803;0.851318
0.498047;0.881898
0.498291;0.909154
0.498535;0.932985
0.498779;0.953302
0.499023;0.970030
0.499268;0.983105
0.499512;0.992479
0.499756;0.998118
0.500000;1.000000
0.500244;0.998118
0.500488;0.992479
0.500732;0.983105
0.500977;0.970030
0.501221;0.953302
0.501465;0.932985
0.501709;0.909154
0.501953;0.881898
0.502197;0.851318
0.502441;0.817529
0.502686;0.780657
0.502930;0.740839
0.503174;0.698225
0.503418;0.652973
0.503662;0.605253
0.503906;0.555243
0.504150;0.503130
0.504395;0.449110
0.504639;0.393386
0.504883;0.336165
0.505127;0.277664
0.505371;0.218102
0.505615;0.157703
0.505859;0.096694
0.506104;0.035306
0.506348;-0.026230
0.506592;-0.087682
0.506836;-0.148817
0.507080;-0.209404
0.507324;-0.269212
0.507568;-0.328016
0.507813;-0.385590
0.508057;-0.441716
0.508301;-0.496179
0.508545;-0.548772
0.508789;-0.599292
0.509033;-0.647545
0.509277;-0.693346
0.509521;-0.736517
0.509766;-0.776892
0.510010;-0.814313
0.510254;-0.848635
0.510498;-0.879722
0.510742;-0.907452
0.510986;-0.931715
0.511230;-0.952414
0.511475;-0.969465
0.511719;-0.982798
0.511963;-0.992357
0.512207;-0.998100
0.512451;-1.000000
0.512695;-0.998044
0.512939;-0.992235
0.513184;-0.982589
0.513428;-0.969137
0.513672;-0.951927
0.513916;-0.931019
0.514160;-0.906488
0.514404;-0.878424
0.514648;-0.846930
0.514893;-0.812122
0.515137;-0.774131
0.515381;-0.733099
0.515625;-0.689182
0.515869;-0.642544
0.516113;-0.593365
0.516357;-0.541831
0.516602;-0.488140
0.516846;-0.432500
0.517090;-0.375124
0.517334;-0.316235
0.517578;-0.256062
0.517822;-0.194839
0.518066;-0.132807
0.518311;-0.070209
0.518555;-0.007290
0.518799;0.055699
0.519043;0.118510
0.519287;0.180893
0.519531;0.242597
0.519775;0.303377
0.520020;0.362988
0.520264;0.421189
0.520508;0.477744
0.520752;0.532423
0.520996;0.585002
0.521240;0.635265
0.521484;0.683006
0.521729;0.728024
0.521973;0.770133
0.522217;0.809156
0.522461;0.844927
0.522705;0.877293
0.522949;0.906115
0.523193;0.931267
0.523438;0.952637
0.523682;0.970129
0.523926;0.983663
0.524170;0.993171
0.524414;0.998606
0.524658;0.999935
0.524902;0.997142
0.525146;0.990228
0.525391;0.979210
0.525635;0.964124
0.525879;0.945022
0.526123;0.921972
0.526367;0.895059
0.526611;0.864387
0.526855;0.830072
0.527100;0.792248
0.527344;0.751064
0.527588;0.706685
0.527832;0.659287
0.528076;0.609063
0.528320;0.556216
0.528564;0.500963
0.528809;0.443531
0.529053;0.384158
0.529297;0.323091
0.529541;0.260586
0.529785;0.196906
0.530029;0.132320
0.530273;0.067102
0.530518;0.001530
0.530762;-0.064113
0.531006;-0.129544
0.531250;-0.194481
0.531494;-0.258640
0.531738;-0.321740
0.531982;-0.383503
0.532227;-0.443656
0.532471;-0.501931
0.532715;-0.558067
0.532959;-0.611810
0.533203;-0.662918
0.533447;-0.711157
0.533691;-0.756304
0.533936;-0.798150
0.534180;-0.836499
0.534424;-0.871168
0.534668;-0.901993
0.534912;-0.928823
0.535156;-0.951524
0.535400;-0.969982
0.535645;-0.984100
0.535889;-0.993800
0.536133;-0.999024
0.536377;-0.999733
0.536621;-0.995909
0.536865;-0.987554
0.537109;-0.974692
0.537354;-0.957365
0.537598;-0.935639
0.537842;-0.909597
0.538086;-0.879346
0.538330;-0.845009
0.538574;-0.806731
0.538818;-0.764677
0.539063;-0.719028
0.539307;-0.669983
0.539551;-0.617761
0.539795;-0.562593
0.540039;-0.504727
0.540283;-0.444426
0.540527;-0.381965
0.540771;-0.317631
0.541016;-0.251720
0.541260;-0.184540
0.541504;-0.116405
0.541748;-0.047636
0.541992;0.021441
0.542236;0.090498
0.542480;0.159203
0.542725;0.227225
0.542969;0.294234
0.543213;0.359902
0.543457;0.423908
0.543701;0.485934
0.543945;0.545673
0.544189;0.602824
0.544434;0.657100
0.544678;0.708223
0.544922;0.755931
0.545166;0.799978
0.545410;0.840132
0.545654;0.876181
0.545898;0.907931
0.546143;0.935208
0.546387;0.957860
0.546631;0.975758
0.546875;0.988793
0.547119;0.996883
0.547363;0.999968
0.547607;0.998015
0.547852;0.991014
0.548096;0.978983
0.548340;0.961964
0.548584;0.940026
0.548828;0.913261
0.549072;0.881790
0.549316;0.845755
0.549561;0.805326
0.549805;0.760695
0.550049;0.712077
0.550293;0.659708
0.550537;0.603847
0.550781;0.544772
0.551025;0.482780
0.551270;0.418184
0.551514;0.351313
0.551758;0.282511
0.552002;0.212134
0.552246;0.140547
0.552490;0.068126
0.552734;-0.004747
0.552979;-0.077687
0.553223;-0.150302
0.553467;-0.222204
0.553711;-0.293003
0.553955;-0.362315
0.554199;-0.429759
0.554443;-0.494965
0.554688;-0.557569
0.554932;-0.617222
0.555176;-0.673588
0.555420;-0.726345
0.555664;-0.775193
0.555908;-0.819846
0.556152;-0.860045
0.556396;-0.895551
0.556641;-0.926148
0.556885;-0.951650
0.557129;-0.971895
0.557373;-0.986751
0.557617;-0.996114
0.557861;-0.999911
0.558105;-0.998101
0.558350;-0.990672
0.558594;-0.977645
0.558838;-0.959073
0.559082;-0.935041
0.559326;-0.905664
0.559570;-0.871091
0.559814;-0.831500
0.560059;-0.787099
0.560303;-0.738124
0.560547;-0.684842
0.560791;-0.627543
0.561035;-0.566544
0.561279;-0.502186
0.561523;-0.434829
0.561768;-0.364857
0.562012;-0.292668
0.562256;-0.218676
0.562500;-0.143310
0.562744;-0.067009
0.562988;0.009781
0.563232;0.086607
0.563477;0.163013
0.563721;0.238544
0.563965;0.312746
0.564209;0.385171
0.564453;0.455379
0.564697;0.522940
0.564941;0.587438
0.565186;0.648473
0.565430;0.705662
0.565674;0.758645
0.565918;0.807086
0.566162;0.850672
0.566406;0.889119
0.566650;0.922175
0.566895;0.949616
0.567139;0.971255
0.567383;0.986936
0.567627;0.996541
0.567871;0.999990
0.568115;0.997239
0.568359;0.988283
0.568604;0.973156
0.568848;0.951930
0.569092;0.924718
0.569336;0.891669
0.569580;0.852971
0.569824;0.808848
0.570068;0.759561
0.570313;0.705403
0.570557;0.646703
0.570801;0.583819
0.571045;0.517137
0.571289;0.447071
0.571533;0.374059
0.571777;0.298561
0.572021;0.221054
0.572266;0.142033
0.572510;0.062003
0.572754;-0.018519
0.572998;-0.099012
0.573242;-0.178950
0.573486;-0.257810
0.573730;-0.335072
0.573975;-0.410222
0.574219;-0.482761
0.574463;-0.552201
0.574707;-0.618073
0.574951;-0.679929
0.575195;-0.737345
0.575439;-0.789925
0.575684;-0.837303
0.575928;-0.879145
0.576172;-0.915153
0.576416;-0.945067
0.576660;-0.968665
0.576904;-0.985769
0.577148;-0.996241
0.577393;-0.999990
0.577637;-0.996969
0.577881;-0.987176
0.578125;-0.970658
0.578369;-0.947504
0.578613;-0.917854
0.578857;-0.881888
0.579102;-0.839836
0.579346;-0.791966
0.579590;-0.738591
0.579834;-0.680063
0.580078;-0.616770
0.580322;-0.549139
0.580566;-0.477624
0.580811;-0.402713
0.581055;-0.324918
0.581299;-0.244774
0.581543;-0.162836
0.581787;-0.079675
0.582031;0.004129
0.582275;0.087987
0.582520;0.171306
0.582764;0.253495
0.583008;0.333969
0.583252;0.412149
0.583496;0.487474
0.583740;0.559397
0.583984;0.627395
0.584229;0.690969
0.584473;0.749651
0.584717;0.803005
0.584961;0.850632
0.585205;0.892173
0.585449;0.927309
0.585693;0.955768
0.585938;0.977326
0.586182;0.991807
0.586426;0.999086
0.586670;0.999090
0.586914;0.991799
0.587158;0.977248
0.587402;0.955522
0.587646;0.926763
0.587891;0.891163
0.588135;0.848967
0.588379;0.800469
0.588623;0.746012
0.588867;0.685983
0.589111;0.620813
0.589355;0.550975
0.589600;0.476976
0.589844;0.399359
0.590088;0.318693
0.590332;0.235576
0.590576;0.150624
0.590820;0.064472
0.591064;-0.022235
0.591309;-0.108846
0.591553;-0.194706
0.591797;-0.279164
0.592041;-0.361577
0.592285;-0.441315
0.592529;-0.517766
0.592773;-0.590340
0.593018;-0.658475
0.593262;-0.721640
0.593506;-0.779341
0.593750;-0.831124
0.593994;-0.876578
0.594238;-0.915340
0.594482;-0.947096
0.594727;-0.971585
0.594971;-0.988604
0.595215;-0.998003
0.595459;-0.999694
0.595703;-0.993646
0.595947;-0.979890
0.596191;-0.958516
0.596436;-0.929674
0.596680;-0.893573
0.596924;-0.850480
0.597168;-0.800717
0.597412;-0.744660
0.597656;-0.682734
0.597900;-0.615414
0.598145;-0.543218
0.598389;-0.466704
0.598633;-0.386466
0.598877;-0.303131
0.599121;-0.217349
0.599365;-0.129795
0.599609;-0.041159
0.599854;0.047859
0.600098;0.136553
0.600342;0.224218
0.600586;0.310153
0.600830;0.393671
0.601074;0.474101
0.601318;0.550796
0.601563;0.623135
0.601807;0.690532
0.602051;0.752438
0.602295;0.808347
0.602539;0.857799
0.602783;0.900386
0.603027;0.935754
0.603271;0.963605
0.603516;0.983702
0.603760;0.995871
0.604004;1.000000
0.604248;0.996043
0.604492;0.984019
0.604736;0.964014
0.604980;0.936178
0.605225;0.900725
0.605469;0.857931
0.605713;0.808136
0.605957;0.751733
0.606201;0.689175
0.606445;0.620962
0.606689;0.547646
0.606934;0.469818
0.607178;0.388109
0.607422;0.303185
0.607666;0.215738
0.607910;0.126482
0.608154;0.036148
0.608398;-0.054520
0.608643;-0.144779
0.608887;-0.233882
0.609131;-0.321095
0.609375;-0.405694
0.609619;-0.486979
0.609863;-0.564273
0.610107;-0.636932
0.610352;-0.704349
0.610596;-0.765960
0.610840;-0.821248
0.611084;-0.869746
0.611328;-0.911046
0.611572;-0.944796
0.611816;-0.970708
0.612061;-0.988559
0.612305;-0.998191
0.612549;-0.999516
0.612793;-0.992516
0.613037;-0.977240
0.613281;-0.953810
0.613525;-0.922412
0.613770;-0.883303
0.614014;-0.836803
0.614258;-0.783294
0.614502;-0.723219
0.614746;-0.657074
0.614990;-0.585411
0.615234;-0.508825
0.615479;-0.427955
0.615723;-0.343477
0.615967;-0.256096
0.616211;-0.166546
0.616455;-0.075577
0.616699;0.016046
0.616943;0.107554
0.617188;0.198177
0.617432;0.287151
0.617676;0.373725
0.617920;0.457169
0.618164;0.536779
0.618408;0.611880
0.618652;0.681838
0.618896;0.746059
0.619141;0.803999
0.619385;0.855165
0.619629;0.899123
0.619873;0.935499
0.620117;0.963981
0.620361;0.984327
0.620605;0.996361
0.620850;0.999978
0.621094;0.995146
0.621338;0.981902
0.621582;0.960357
0.621826;0.930690
0.622070;0.893150
0.622314;0.848052
0.622559;0.795779
0.622803;0.736769
0.623047;0.671522
0.623291;0.600590
0.623535;0.524572
0.623779;0.444111
0.624023;0.359889
0.624268;0.272619
0.624512;0.183039
0.624756;0.091909
0.625000;-0.000000
0.625244;-0.091909
0.625488;-0.183039
0.625732;-0.272619
0.625977;-0.359889
0.626221;-0.444111
0.626465;-0.524572
0.626709;-0.600590
0.626953;-0.671522
0.627197;-0.736769
0.627441;-0.795779
0.627686;-0.848052
0.627930;-0.893150
0.628174;-0.930690
0.628418;-0.960357
0.628662;-0.981902
0.628906;-0.995146
0.629150;-0.999978
0.629395;-0.996361
0.629639;-0.984327
0.629883;-0.963981
0.630127;-0.935499
0.630371;-0.899123
0.630615;-0.855165
0.630859;-0.803999
0.631104;-0.746059
0.631348;-0.681838
0.631592;-0.611880
0.631836;-0.536779
0.632080;-0.457169
0.632324;-0.373725
0.632568;-0.287151
0.632813;-0.198177
0.633057;-0.107554
0.633301;-0.016046
0.633545;0.075577
0.633789;0.166546
0.634033;0.256096
0.634277;0.343477
0.634521;0.427955
0.634766;0.508825
0.635010;0.585411
0.635254;0.657074
0.635498;0.723219
0.635742;0.783294
0.635986;0.836803
0.636230;0.883303
0.636475;0.922412
0.636719;0.953810
0.636963;0.977240
0.637207;0.992516
0.637451;0.999516
0.637695;0.998191
0.637939;0.988559
0.638184;0.970708
0.638428;0.944796
0.638672;0.911046
0.638916;0.869746
0.639160;0.821248
0.639404;0.765960
0.639648;0.704349
0.639893;0.636932
0.640137;0.564273
0.640381;0.486979
0.640625;0.405694
0.640869;0.321095
0.641113;0.233882
0.641357;0.144779
0.641602;0.054520
0.641846;-0.036148
0.642090;-0.126482
0.642334;-0.215738
0.642578;-0.303185
0.642822;-0.388109
0.643066;-0.469818
0.643311;-0.547646
0.643555;-0.620962
0.643799;-0.689175
0.644043;-0.751733
0.644287;-0.808136
0.644531;-0.857931
0.644775;-0.900725
0.645020;-0.936178
0.645264;-0.964014
0.645508;-0.984019
0.645752;-0.996043
0.645996;-1.000000
0.646240;-0.995871
0.646484;-0.983702
0.646729;-0.963605
0.646973;-0.935754
0.647217;-0.900386
0.647461;-0.857799
0.647705;-0.808347
0.647949;-0.752438
0.648193;-0.690532
0.648438;-0.623135
0.648682;-0.550796
0.648926;-0.474101
0.649170;-0.393671
0.649414;-0.310153
0.649658;-0.224218
0.649902;-0.136553
0.650146;-0.047859
0.650391;0.041159
0.650635;0.129795
0.650879;0.217349
0.651123;0.303131
0.651367;0.386466
0.651611;0.466704
0.651855;0.543218
0.652100;0.615414
0.652344;0.682734
0.652588;0.744660
0.652832;0.800717
0.653076;0.850480
0.653320;0.893573
0.653564;0.929674
0.653809;0.958516
0.654053;0.979890
0.654297;0.993646
0.654541;0.999694
0.654785;0.998003
0.655029;0.988604
0.655273;0.971585
0.655518;0.947096
0.655762;0.915340
0.656006;0.876578
0.656250;0.831124
0.656494;0.779341
0.656738;0.721640
0.656982;0.658475
0.657227;0.590340
0.657471;0.517766
0.657715;0.441315
0.657959;0.361577
0.658203;0.279164
0.658447;0.194706
0.658691;0.108846
0.658936;0.022235
0.659180;-0.064472
0.659424;-0.150624
0.659668;-0.235576
0.659912;-0.318693
0.660156;-0.399359
0.660400;-0.476976
0.660645;-0.550975
0.660889;-0.620813
0.661133;-0.685983
0.661377;-0.746012
0.661621;-0.800469
0.661865;-0.848967
0.662109;-0.891163
0.662354;-0.926763
0.662598;-0.955522
0.662842;-0.977248
0.663086;-0.991799
0.663330;-0.999090
0.663574;-0.999086
0.663818;-0.991807
0.664063;-0.977326
0.664307;-0.955768
0.664551;-0.927309
0.664795;-0.892173
0.665039;-0.850632
0.665283;-0.803005
0.665527;-0.749651
0.665771;-0.690969
0.666016;-0.627395
0.666260;-0.559397
0.666504;-0.487474
0.666748;-0.412149
0.666992;-0.333969
0.667236;-0.253495
0.667480;-0.171306
0.667725;-0.087987
0.667969;-0.004129
0.668213;0.079675
0.668457;0.162836
0.668701;0.244774
0.668945;0.324918
0.669189;0.402713
0.669434;0.477624
0.669678;0.549139
0.669922;0.616770
0.670166;0.680063
0.670410;0.738591
0.670654;0.791966
0.670898;0.839836
0.671143;0.881888
0.671387;0.917854
0.671631;0.947504
0.671875;0.970658
0.672119;0.987176
0.672363;0.996969
0.672607;0.999990
0.672852;0.996241
0.673096;0.985769
0.673340;0.968665
0.673584;0.945067
0.673828;0.915153
0.674072;0.879145
0.674316;0.837303
0.674561;0.789925
0.674805;0.737345
0.675049;0.679929
0.675293;0.618073
0.675537;0.552201
0.675781;0.482761
0.676025;0.410222
0.676270;0.335072
0.676514;0.257810
0.676758;0.178950
0.677002;0.099012
0.677246;0.018519
0.677490;-0.062003
0.677734;-0.142033
0.677979;-0.221054
0.678223;-0.298561
0.678467;-0.374059
0.678711;-0.447071
0.678955;-0.517137
0.679199;-0.583819
0.679443;-0.646703
0.679688;-0.705403
0.679932;-0.759561
0.680176;-0.808848
0.680420;-0.852971
0.680664;-0.891669
0.680908;-0.924718
0.681152;-0.951930
0.681396;-0.973156
0.681641;-0.988283
0.681885;-0.997239
0.682129;-0.999990
0.682373;-0.996541
0.682617;-0.986936
0.682861;-0.971255
0.683105;-0.949616
0.683350;-0.922175
0.683594;-0.889119
0.683838;-0.850672
0.684082;-0.807086
0.684326;-0.758645
0.684570;-0.705662
0.684814;-0.648473
0.685059;-0.587438
0.685303;-0.522940
0.685547;-0.455379
0.685791;-0.385171
0.686035;-0.312746
0.686279;-0.238544
0.686523;-0.163013
0.686768;-0.086607
0.687012;-0.009781
0.687256;0.067009
0.687500;0.143310
0.687744;0.218676
0.687988;0.292668
0.688232;0.364857
0.688477;0.434829
0.688721;0.502186
0.688965;0.566544
0.689209;0.627543
0.689453;0.684842
0.689697;0.738124
0.689941;0.787099
0.690186;0.831500
0.690430;0.871091
0.690674;0.905664
0.690918;0.935041
0.691162;0.959073
0.691406;0.977645
0.691650;0.990672
0.691895;0.998101
0.692139;0.999911
0.692383;0.996114
0.692627;0.986751
0.692871;0.971895
0.693115;0.951650
0.693359;0.926148
0.693604;0.895551
0.693848;0.860045
0.694092;0.819846
0.694336;0.775193
0.694580;0.726345
0.694824;0.673588
0.695068;0.617222
0.695313;0.557569
0.695557;0.494965
0.695801;0.429759
0.696045;0.362315
0.696289;0.293003
0.696533;0.222204
0.696777;0.150302
0.697021;0.077687
0.697266;0.004747
0.697510;-0.068126
0.697754;-0.140547
0.697998;-0.212134
0.698242;-0.282511
0.698486;-0.351313
0.698730;-0.418184
0.698975;-0.482780
0.699219;-0.544772
0.699463;-0.603847
0.699707;-0.659708
0.699951;-0.712077
0.700195;-0.760695
0.700439;-0.805326
0.700684;-0.845755
0.700928;-0.881790
0.701172;-0.913261
0.701416;-0.940026
0.701660;-0.961964
0.701904;-0.978983
0.702148;-0.991014
0.702393;-0.998015
0.702637;-0.999968
0.702881;-0.996883
0.703125;-0.988793
0.703369;-0.975758
0.703613;-0.957860
0.703857;-0.935208
0.704102;-0.907931
0.704346;-0.876181
0.704590;-0.840132
0.704834;-0.799978
0.705078;-0.755931
0.705322;-0.708223
0.705566;-0.657100
0.705811;-0.602824
0.706055;-0.545673
0.706299;-0.485934
0.706543;-0.423908
0.706787;-0.359902
0.707031;-0.294234
0.707275;-0.227225
0.707520;-0.159203
0.707764;-0.090498
0.708008;-0.021441
0.708252;0.047636
0.708496;0.116405
0.708740;0.184540
0.708984;0.251720
0.709229;0.317631
0.709473;0.381965
0.709717;0.444426
0.709961;0.504727
0.710205;0.562593
0.710449;0.617761
0.710693;0.669983
0.710938;0.719028
0.711182;0.764677
0.711426;0.806731
0.711670;0.845009
0.711914;0.879346
0.712158;0.909597
0.712402;0.935639
0.712646;0.957365
0.712891;0.974692
0.713135;0.987554
0.713379;0.995909
0.713623;0.999733
0.713867;0.999024
0.714111;0.993800
0.714355;0.984100
0.714600;0.969982
0.714844;0.951524
0.715088;0.928823
0.715332;0.901993
0.715576;0.871168
0.715820;0.836499
0.716064;0.798150
0.716309;0.756304
0.716553;0.711157
0.716797;0.662918
0.717041;0.611810
0.717285;0.558067
0.717529;0.501931
0.717773;0.443656
0.718018;0.383503
0.718262;0.321740
0.718506;0.258640
0.718750;0.194481
0.718994;0.129544
0.719238;0.064113
0.719482;-0.001530
0.719727;-0.067102
0.719971;-0.132320
0.720215;-0.196906
0.720459;-0.260586
0.720703;-0.323091
0.720947;-0.384158
0.721191;-0.443531
0.721436;-0.500963
0.721680;-0.556216
0.721924;-0.609063
0.722168;-0.659287
0.722412;-0.706685
0.722656;-0.751064
0.722900;-0.792248
0.723145;-0.830072
0.723389;-0.864387
0.723633;-0.895059
0.723877;-0.921972
0.724121;-0.945022
0.724365;-0.964124
0.724609;-0.979210
0.724854;-0.990228
0.725098;-0.997142
0.725342;-0.999935
0.725586;-0.998606
0.725830;-0.993171
0.726074;-0.983663
0.726318;-0.970129
0.726563;-0.952637
0.726807;-0.931267
0.727051;-0.906115
0.727295;-0.877293
0.727539;-0.844927
0.727783;-0.809156
0.728027;-0.770133
0.728271;-0.728024
0.728516;-0.683006
0.728760;-0.635265
0.729004;-0.585002
0.729248;-0.532423
0.729492;-0.477744
0.729736;-0.421189
0.729980;-0.362988
0.730225;-0.303377
0.730469;-0.242597
0.730713;-0.180893
0.730957;-0.118510
0.731201;-0.055699
0.731445;0.007290
0.731689;0.070209
0.731934;0.132807
0.732178;0.194839
0.732422;0.256062
0.732666;0.316235
0.732910;0.375124
0.733154;0.432500
0.733398;0.488140
0.733643;0.541831
0.733887;0.593365
0.734131;0.642544
0.734375;0.689182
0.734619;0.733099
0.734863;0.774131
0.735107;0.812122
0.735352;0.846930
0.735596;0.878424
0.735840;0.906488
0.736084;0.931019
0.736328;0.951927
0.736572;0.969137
0.736816;0.982589
0.737061;0.992235
0.737305;0.998044
0.737549;1.000000
0.737793;0.998100
0.738037;0.992357
0.738281;0.982798
0.738525;0.969465
0.738770;0.952414
0.739014;0.931715
0.739258;0.907452
0.739502;0.879722
0.739746;0.848635
0.739990;0.814313
0.740234;0.776892
0.740479;0.736517
0.740723;0.693346
0.740967;0.647545
0.741211;0.599292
0.741455;0.548772
0.741699;0.496179
0.741943;0.441716
0.742188;0.385590
0.742432;0.328016
0.742676;0.269212
0.742920;0.209404
0.743164;0.148817
0.743408;0.087682
0.743652;0.026230
0.743896;-0.035306
0.744141;-0.096694
0.744385;-0.157703
0.744629;-0.218102
0.744873;-0.277664
0.745117;-0.336165
0.745361;-0.393386
0.745605;-0.449110
0.745850;-0.503130
0.746094;-0.555243
0.746338;-0.605253
0.746582;-0.652973
0.746826;-0.698225
0.747070;-0.740839
0.747314;-0.780657
0.747559;-0.817529
0.747803;-0.851318
0.748047;-0.881898
0.748291;-0.909154
0.748535;-0.932985
0.748779;-0.953302
0.749023;-0.970030
0.749268;-0.983105
0.749512;-0.992479
0.749756;-0.998118
0.750000;-1.000000
0.750244;-0.998118
0.750488;-0.992479
0.750732;-0.983105
0.750977;-0.970030
0.751221;-0.953302
0.751465;-0.932985
0.751709;-0.909154
0.751953;-0.881898
0.752197;-0.851318
0.752441;-0.817529
0.752686;-0.780657
0.752930;-0.740839
0.753174;-0.698225
0.753418;-0.652973
0.753662;-0.605253
0.753906;-0.555243
0.754150;-0.503130
0.754395;-0.449110
0.754639;-0.393386
0.754883;-0.336165
0.755127;-0.277664
0.755371;-0.218102
0.755615;-0.157703
0.755859;-0.096694
0.756104;-0.035306
0.756348;0.026230
0.756592;0.087682
0.756836;0.148817
0.757080;0.209404
0.757324;0.269212
0.757568;0.328016
0.757813;0.385590
0.758057;0.441716
0.758301;0.496179
0.758545;0.548772
0.758789;0.599292
0.759033;0.647545
0.759277;0.693346
0.759521;0.736517
0.759766;0.776892
0.760010;0.814313
0.760254;0.848635
0.760498;0.879722
0.760742;0.907452
0.760986;0.931715
0.761230;0.952414
0.761475;0.969465
0.761719;0.982798
0.761963;0.992357
0.762207;0.998100
0.762451;1.000000
0.762695;0.998044
0.762939;0.992235
0.763184;0.982589
0.763428;0.969137
0.763672;0.951927
0.763916;0.931019
0.764160;0.906488
0.764404;0.878424
0.764648;0.846930
0.764893;0.812122
0.765137;0.774131
0.765381;0.733099
0.765625;0.689182
0.765869;0.642544
0.766113;0.593365
0.766357;0.541831
0.766602;0.488140
0.766846;0.432500
0.767090;0.375124
0.767334;0.316235
0.767578;0.256062
0.767822;0.194839
0.768066;0.132807
0.768311;0.070209
0.768555;0.007290
0.768799;-0.055699
0.769043;-0.118510
0.769287;-0.180893
0.769531;-0.242597
0.769775;-0.303377
0.770020;-0.362988
0.770264;-0.421189
0.770508;-0.477744
0.770752;-0.532423
0.770996;-0.585002
0.771240;-0.635265
0.771484;-0.683006
0.771729;-0.728024
0.771973;-0.770133
0.772217;-0.809156
0.772461;-0.844927
0.772705;-0.877293
0.772949;-0.906115
0.773193;-0.931267
0.773438;-0.952637
0.773682;-0.970129
0.773926;-0.983663
0.774170;-0.993171
0.774414;-0.998606
0.774658;-0.999935
0.774902;-0.997142
0.775146;-0.990228
0.775391;-0.979210
0.775635;-0.964124
0.775879;-0.945022
0.776123;-0.921972
0.776367;-0.895059
0.776611;-0.864387
0.776855;-0.830072
0.777100;-0.792248
0.777344;-0.751064
0.777588;-0.706685
0.777832;-0.659287
0.778076;-0.609063
0.778320;-0.556216
0.778564;-0.500963
0.778809;-0.443531
0.779053;-0.384158
0.779297;-0.323091
0.779541;-0.260586
0.779785;-0.196906
0.780029;-0.132320
0.780273;-0.067102
0.780518;-0.001530
0.780762;0.064113
0.781006;0.129544
0.781250;0.194481
0.781494;0.258640
0.781738;0.321740
0.781982;0.383503
0.782227;0.443656
0.782471;0.501931
0.782715;0.558067
0.782959;0.611810
0.783203;0.662918
0.783447;0.711157
0.783691;0.756304
0.783936;0.798150
0.784180;0.836499
0.784424;0.871168
0.784668;0.901993
0.784912;0.928823
0.785156;0.951524
0.785400;0.969982
0.785645;0.984100
0.785889;0.993800
0.786133;0.999024
0.786377;0.999733
0.786621;0.995909
0.786865;0.987554
0.787109;0.974692
0.787354;0.957365
0.787598;0.935639
0.787842;0.909597
0.788086;0.879346
0.788330;0.845009
0.788574;0.806731
0.788818;0.764677
0.789063;0.719028
0.789307;0.669983
0.789551;0.617761
0.789795;0.562593
0.790039;0.504727
0.790283;0.444426
0.790527;0.381965
0.790771;0.317631
0.791016;0.251720
0.791260;0.184540
0.791504;0.116405
0.791748;0.047636
0.791992;-0.021441
0.792236;-0.090498
0.792480;-0.159203
0.792725;-0.227225
0.792969;-0.294234
0.793213;-0.359902
0.793457;-0.423908
0.793701;-0.485934
0.793945;-0.545673
0.794189;-0.602824
0.794434;-0.657100
0.794678;-0.708223
0.794922;-0.755931
0.795166;-0.799978
0.795410;-0.840132
0.795654;-0.876181
0.795898;-0.907931
0.796143;-0.935208
0.796387;-0.957860
0.796631;-0.975758
0.796875;-0.988793
0.797119;-0.996883
0.797363;-0.999968
0.797607;-0.998015
0.797852;-0.991014
0.798096;-0.978983
0.798340;-0.961964
0.798584;-0.940026
0.798828;-0.913261
0.799072;-0.881790
0.799316;-0.845755
0.799561;-0.805326
0.799805;-0.760695
0.800049;-0.712077
0.800293;-0.659708
0.800537;-0.603847
0.800781;-0.544772
0.801025;-0.482780
0.801270;-0.418184
0.801514;-0.351313
0.801758;-0.282511
0.802002;-0.212134
0.802246;-0.140547
0.802490;-0.068126
0.802734;0.004747
0.802979;0.077687
0.803223;0.150302
0.803467;0.222204
0.803711;0.293003
0.803955;0.362315
0.804199;0.429759
0.804443;0.494965
0.804688;0.557569
0.804932;0.617222
0.805176;0.673588
0.805420;0.726345
0.805664;0.775193
0.805908;0.819846
0.806152;0.860045
0.806396;0.895551
0.806641;0.926148
0.806885;0.951650
0.807129;0.971895
0.807373;0.986751
0.807617;0.996114
0.807861;0.999911
0.808105;0.998101
0.808350;0.990672
0.808594;0.977645
0.808838;0.959073
0.809082;0.935041
0.809326;0.905664
0.809570;0.871091
0.809814;0.831500
0.810059;0.787099
0.810303;0.738124
0.810547;0.684842
0.810791;0.627543
0.811035;0.566544
0.811279;0.502186
0.811523;0.434829
0.811768;0.364857
0.812012;0.292668
0.812256;0.218676
0.812500;0.143310
0.812744;0.067009
0.812988;-0.009781
0.813232;-0.086607
0.813477;-0.163013
0.813721;-0.238544
0.813965;-0.312746
0.814209;-0.385171
0.814453;-0.455379
0.814697;-0.522940
0.814941;-0.587438
0.815186;-0.648473
0.815430;-0.705662
0.815674;-0.758645
0.815918;-0.807086
0.816162;-0.850672
0.816406;-0.889119
0.816650;-0.922175
0.816895;-0.949616
0.817139;-0.971255
0.817383;-0.986936
0.817627;-0.996541
0.817871;-0.999990
0.818115;-0.997239
0.818359;-0.988283
0.818604;-0.973156
0.818848;-0.951930
0.819092;-0.924718
0.819336;-0.891669
0.819580;-0.852971
0.819824;-0.808848
0.820068;-0.759561
0.820313;-0.705403
0.820557;-0.646703
0.820801;-0.583819
0.821045;-0.517137
0.821289;-0.447071
0.821533;-0.374059
0.821777;-0.298561
0.822021;-0.221054
0.822266;-0.142033
0.822510;-0.062003
0.822754;0.018519
0.822998;0.099012
0.823242;0.178950
0.823486;0.257810
0.823730;0.335072
0.823975;0.410222
0.824219;0.482761
0.824463;0.552201
0.824707;0.618073
0.824951;0.679929
0.825195;0.737345
0.825439;0.789925
0.825684;0.837303
0.825928;0.879145
0.826172;0.915153
0.826416;0.945067
0.826660;0.968665
0.826904;0.985769
0.827148;0.996241
0.827393;0.999990
0.827637;0.996969
0.827881;0.987176
0.828125;0.970658
0.828369;0.947504
0.828613;0.917854
0.828857;0.881888
0.829102;0.839836
0.829346;0.791966
0.829590;0.738591
0.829834;0.680063
0.830078;0.616770
0.830322;0.549139
0.830566;0.477624
0.830811;0.402713
0.831055;0.324918
0.831299;0.244774
0.831543;0.162836
0.831787;0.079675
0.832031;-0.004129
0.832275;-0.087987
0.832520;-0.171306
0.832764;-0.253495
0.833008;-0.333969
0.833252;-0.412149
0.833496;-0.487474
0.833740;-0.559397
0.833984;-0.627395
0.834229;-0.690969
0.834473;-0.749651
0.834717;-0.803005
0.834961;-0.850632
0.835205;-0.892173
0.835449;-0.927309
0.835693;-0.955768
0.835938;-0.977326
0.836182;-0.991807
0.836426;-0.999086
0.836670;-0.999090
0.836914;-0.991799
0.837158;-0.977248
0.837402;-0.955522
0.837646;-0.926763
0.837891;-0.891163
0.838135;-0.848967
0.838379;-0.800469
0.838623;-0.746012
0.838867;-0.685983
0.839111;-0.620813
0.839355;-0.550975
0.839600;-0.476976
0.839844;-0.399359
0.840088;-0.318693
0.840332;-0.235576
0.840576;-0.150624
0.840820;-0.064472
0.841064;0.022235
0.841309;0.108846
0.841553;0.194706
0.841797;0.279164
0.842041;0.361577
0.842285;0.441315
0.842529;0.517766
0.842773;0.590340
0.843018;0.658475
0.843262;0.721640
0.843506;0.779341
0.843750;0.831124
0.843994;0.876578
0.844238;0.915340
0.844482;0.947096
0.844727;0.971585
0.844971;0.988604
0.845215;0.998003
0.845459;0.999694
0.845703;0.993646
0.845947;0.979890
0.846191;0.958516
0.846436;0.929674
0.846680;0.893573
0.846924;0.850480
0.847168;0.800717
0.847412;0.744660
0.847656;0.682734
0.847900;0.615414
0.848145;0.543218
0.848389;0.466704
0.848633;0.386466
0.848877;0.303131
0.849121;0.217349
0.849365;0.129795
0.849609;0.041159
0.849854;-0.047859
0.850098;-0.136553
0.850342;-0.224218
0.850586;-0.310153
0.850830;-0.393671
0.851074;-0.474101
0.851318;-0.550796
0.851563;-0.623135
0.851807;-0.690532
0.852051;-0.752438
0.852295;-0.808347
0.852539;-0.857799
0.852783;-0.900386
0.853027;-0.935754
0.853271;-0.963605
0.853516;-0.983702
0.853760;-0.995871
0.854004;-1.000000
0.854248;-0.996043
0.854492;-0.984019
0.854736;-0.964014
0.854980;-0.936178
0.855225;-0.900725
0.855469;-0.857931
0.855713;-0.808136
0.855957;-0.751733
0.856201;-0.689175
0.856445;-0.620962
0.856689;-0.547646
0.856934;-0.469818
0.857178;-0.388109
0.857422;-0.303185
0.857666;-0.215738
0.857910;-0.126482
0.858154;-0.036148
0.858398;0.054520
0.858643;0.144779
0.858887;0.233882
0.859131;0.321095
0.859375;0.405694
0.859619;0.486979
0.859863;0.564273
0.860107;0.636932
0.860352;0.704349
0.860596;0.765960
0.860840;0.821248
0.861084;0.869746
0.861328;0.911046
0.861572;0.944796
0.861816;0.970708
0.862061;0.988559
0.862305;0.998191
0.862549;0.999516
0.862793;0.992516
0.863037;0.977240
0.863281;0.953810
0.863525;0.922412
0.863770;0.883303
0.864014;0.836803
0.864258;0.783294
0.864502;0.723219
0.864746;0.657074
0.864990;0.585411
0.865234;0.508825
0.865479;0.427955
0.865723;0.343477
0.865967;0.256096
0.866211;0.166546
0.866455;0.075577
0.866699;-0.016046
0.866943;-0.107554
0.867188;-0.198177
0.867432;-0.287151
0.867676;-0.373725
0.867920;-0.457169
0.868164;-0.536779
0.868408;-0.611880
0.868652;-0.681838
0.868896;-0.746059
0.869141;-0.803999
0.869385;-0.855165
0.869629;-0.899123
0.869873;-0.935499
0.870117;-0.963981
0.870361;-0.984327
0.870605;-0.996361
0.870850;-0.999978
0.871094;-0.995146
0.871338;-0.981902
0.871582;-0.960357
0.871826;-0.930690
0.872070;-0.893150
0.872314;-0.848052
0.872559;-0.795779
0.872803;-0.736769
0.873047;-0.671522
0.873291;-0.600590
0.873535;-0.524572
0.873779;-0.444111
0.874023;-0.359889
0.874268;-0.272619
0.874512;-0.183039
0.874756;-0.091909
0.875000;0.000000
0.875244;0.091909
0.875488;0.183039
0.875732;0.272619
0.875977;0.359889
0.876221;0.444111
0.876465;0.524572
0.876709;0.600590
0.876953;0.671522
0.877197;0.736769
0.877441;0.795779
0.877686;0.848052
0.877930;0.893150
0.878174;0.930690
0.878418;0.960357
0.878662;0.981902
0.878906;0.995146
0.879150;0.999978
0.879395;0.996361
0.879639;0.984327
0.879883;0.963981
0.880127;0.935499
0.880371;0.899123
0.880615;0.855165
0.880859;0.803999
0.881104;0.746059
0.881348;0.681838
0.881592;0.611880
0.881836;0.536779
0.882080;0.457169
0.882324;0.373725
0.882568;0.287151
0.882813;0.198177
0.883057;0.107554
0.883301;0.016046
0.883545;-0.075577
0.883789;-0.166546
0.884033;-0.256096
0.884277;-0.343477
0.884521;-0.427955
0.884766;-0.508825
0.885010;-0.585411
0.885254;-0.657074
0.885498;-0.723219
0.885742;-0.783294
0.885986;-0.836803
0.886230;-0.883303
0.886475;-0.922412
0.886719;-0.953810
0.886963;-0.977240
0.887207;-0.992516
0.887451;-0.999516
0.887695;-0.998191
0.887939;-0.988559
0.888184;-0.970708
0.888428;-0.944796
0.888672;-0.911046
0.888916;-0.869746
0.889160;-0.821248
0.889404;-0.765960
0.889648;-0.704349
0.889893;-0.636932
0.890137;-0.564273
0.890381;-0.486979
0.890625;-0.405694
0.890869;-0.321095
0.891113;-0.233882
0.891357;-0.144779
0.891602;-0.054520
0.891846;0.036148
0.892090;0.126482
0.892334;0.215738
0.892578;0.303185
0.892822;0.388109
0.893066;0.469818
0.893311;0.547646
0.893555;0.620962
0.893799;0.689175
0.894043;0.751733
0.894287;0.808136
0.894531;0.857931
0.894775;0.900725
0.895020;0.936178
0.895264;0.964014
0.895508;0.984019
0.895752;0.996043
0.895996;1.000000
0.896240;0.995871
0.896484;0.983702
0.896729;0.963605
0.896973;0.935754
0.897217;0.900386
0.897461;0.857799
0.897705;0.808347
0.897949;0.752438
0.898193;0.690532
0.898438;0.623135
0.898682;0.550796
0.898926;0.474101
0.899170;0.393671
0.899414;0.310153
0.899658;0.224218
0.899902;0.136553
0.900146;0.047859
0.900391;-0.041159
0.900635;-0.129795
0.900879;-0.217349
0.901123;-0.303131
0.901367;-0.386466
0.901611;-0.466704
0.901855;-0.543218
0.902100;-0.615414
0.902344;-0.682734
0.902588;-0.744660
0.902832;-0.800717
0.903076;-0.850480
0.903320;-0.893573
0.903564;-0.929674
0.903809;-0.958516
0.904053;-0.979890
0.904297;-0.993646
0.904541;-0.999694
0.904785;-0.998003
0.905029;-0.988604
0.905273;-0.971585
0.905518;-0.947096
0.905762;-0.915340
0.906006;-0.876578
0.906250;-0.831124
0.906494;-0.779341
0.906738;-0.721640
0.906982;-0.658475
0.907227;-0.590340
0.907471;-0.517766
0.907715;-0.441315
0.907959;-0.361577
0.908203;-0.279164
0.908447;-0.194706
0.908691;-0.108846
0.908936;-0.022235
0.909180;0.064472
0.909424;0.150624
0.909668;0.235576
0.909912;0.318693
0.910156;0.399359
0.910400;0.476976
0.910645;0.550975
0.910889;0.620813
0.911133;0.685983
0.911377;0.746012
0.911621;0.800469
0.911865;0.848967
0.912109;0.891163
0.912354;0.926763
0.912598;0.955522
0.912842;0.977248
0.913086;0.991799
0.913330;0.999090
0.913574;0.999086
0.913818;0.991807
0.914063;0.977326
0.914307;0.955768
0.914551;0.927309
0.914795;0.892173
0.915039;0.850632
0.915283;0.803005
0.915527;0.749651
0.915771;0.690969
0.916016;0.627395
0.916260;0.559397
0.916504;0.487474
0.916748;0.412149
0.916992;0.333969
0.917236;0.253495
0.917480;0.171306
0.917725;0.087987
0.917969;0.004129
0.918213;-0.079675
0.918457;-0.162836
0.918701;-0.244774
0.918945;-0.324918
0.919189;-0.402713
0.919434;-0.477624
0.919678;-0.549139
0.919922;-0.616770
0.920166;-0.680063
0.920410;-0.738591
0.920654;-0.791966
0.920898;-0.839836
0.921143;-0.881888
0.921387;-0.917854
0.921631;-0.947504
0.921875;-0.970658
0.922119;-0.987176
0.922363;-0.996969
0.922607;-0.999990
0.922852;-0.996241
0.923096;-0.985769
0.923340;-0.968665
0.923584;-0.945067
0.923828;-0.915153
0.924072;-0.879145
0.924316;-0.837303
0.924561;-0.789925
0.924805;-0.737345
0.925049;-0.679929
0.925293;-0.618073
0.925537;-0.552201
0.925781;-0.482761
0.926025;-0.410222
0.926270;-0.335072
0.926514;-0.257810
0.926758;-0.178950
0.927002;-0.099012
0.927246;-0.018519
0.927490;0.062003
0.927734;0.142033
0.927979;0.221054
0.928223;0.298561
0.928467;0.374059
0.928711;0.447071
0.928955;0.517137
0.929199;0.583819
0.929443;0.646703
0.929688;0.705403
0.929932;0.759561
0.930176;0.808848
0.930420;0.852971
0.930664;0.891669
0.930908;0.924718
0.931152;0.951930
0.931396;0.973156
0.931641;0.988283
0.931885;0.997239
0.932129;0.999990
0.932373;0.996541
0.932617;0.986936
0.932861;0.971255
0.933105;0.949616
0.933350;0.922175
0.933594;0.889119
0.933838;0.850672
0.934082;0.807086
0.934326;0.758645
0.934570;0.705662
0.934814;0.648473
0.935059;0.587438
0.935303;0.522940
0.935547;0.455379
0.935791;0.385171
0.936035;0.312746
0.936279;0.238544
0.936523;0.163013
0.936768;0.086607
0.937012;0.009781
0.937256;-0.067009
0.937500;-0.143310
0.937744;-0.218676
0.937988;-0.292668
0.938232;-0.364857
0.938477;-0.434829
0.938721;-0.502186
0.938965;-0.566544
0.939209;-0.627543
0.939453;-0.684842
0.939697;-0.738124
0.939941;-0.787099
0.940186;-0.831500
0.940430;-0.871091
0.940674;-0.905664
0.940918;-0.935041
0.941162;-0.959073
0.941406;-0.977645
0.941650;-0.990672
0.941895;-0.998101
0.942139;-0.999911
0.942383;-0.996114
0.942627;-0.986751
0.942871;-0.971895
0.943115;-0.951650
0.943359;-0.926148
0.943604;-0.895551
0.943848;-0.860045
0.944092;-0.819846
0.944336;-0.775193
0.944580;-0.726345
0.944824;-0.673588
0.945068;-0.617222
0.945313;-0.557569
0.945557;-0.494965
0.945801;-0.429759
0.946045;-0.362315
0.946289;-0.293003
0.946533;-0.222204
0.946777;-0.150302
0.947021;-0.077687
0.947266;-0.004747
0.947510;0.068126
0.947754;0.140547
0.947998;0.212134
0.948242;0.282511
0.948486;0.351313
0.948730;0.418184
0.948975;0.482780
0.949219;0.544772
0.949463;0.603847
0.949707;0.659708
0.949951;0.712077
0.950195;0.760695
0.950439;0.805326
0.950684;0.845755
0.950928;0.881790
0.951172;0.913261
0.951416;0.940026
0.951660;0.961964
0.951904;0.978983
0.952148;0.991014
0.952393;0.998015
0.952637;0.999968
0.952881;0.996883
0.953125;0.988793
0.953369;0.975758
0.953613;0.957860
0.953857;0.935208
0.954102;0.907931
0.954346;0.876181
0.954590;0.840132
0.954834;0.799978
0.955078;0.755931
0.955322;0.708223
0.955566;0.657100
0.955811;0.602824
0.956055;0.545673
0.956299;0.485934
0.956543;0.423908
0.956787;0.359902
0.957031;0.294234
0.957275;0.227225
0.957520;0.159203
0.957764;0.090498
0.958008;0.021441
0.958252;-0.047636
0.958496;-0.116405
0.958740;-0.184540
0.958984;-0.251720
0.959229;-0.317631
0.959473;-0.381965
0.959717;-0.444426
0.959961;-0.504727
0.960205;-0.562593
0.960449;-0.617761
0.960693;-0.669983
0.960938;-0.719028
0.961182;-0.764677
0.961426;-0.806731
0.961670;-0.845009
0.961914;-0.879346
0.962158;-0.909597
0.962402;-0.935639
0.962646;-0.957365
0.962891;-0.974692
0.963135;-0.987554
0.963379;-0.995909
0.963623;-0.999733
0.963867;-0.999024
0.964111;-0.993800
0.964355;-0.984100
0.964600;-0.969982
0.964844;-0.951524
0.965088;-0.928823
0.965332;-0.901993
0.965576;-0.871168
0.965820;-0.836499
0.966064;-0.798150
0.966309;-0.756304
0.966553;-0.711157
0.966797;-0.662918
0.967041;-0.611810
0.967285;-0.558067
0.967529;-0.501931
0.967773;-0.443656
0.968018;-0.383503
0.968262;-0.321740
0.968506;-0.258640
0.968750;-0.194481
0.968994;-0.129544
0.969238;-0.064113
0.969482;0.001530
0.969727;0.067102
0.969971;0.132320
0.970215;0.196906
0.970459;0.260586
0.970703;0.323091
0.970947;0.384158
0.971191;0.443531
0.971436;0.500963
0.971680;0.556216
0.971924;0.609063
0.972168;0.659287
0.972412;0.706685
0.972656;0.751064
0.972900;0.792248
0.973145;0.830072
0.973389;0.864387
0.973633;0.895059
0.973877;0.921972
0.974121;0.945022
0.974365;0.964124
0.974609;0.979210
0.974854;0.990228
0.975098;0.997142
0.975342;0.999935
0.975586;0.998606
0.975830;0.993171
0.976074;0.983663
0.976318;0.970129
0.976563;0.952637
0.976807;0.931267
0.977051;0.906115
0.977295;0.877293
0.977539;0.844927
0.977783;0.809156
0.978027;0.770133
0.978271;0.728024
0.978516;0.683006
0.978760;0.635265
0.979004;0.585002
0.979248;0.532423
0.979492;0.477744
0.979736;0.421189
0.979980;0.362988
0.980225;0.303377
0.980469;0.242597
0.980713;0.180893
0.980957;0.118510
0.981201;0.055699
0.981445;-0.007290
0.981689;-0.070209
0.981934;-0.132807
0.982178;-0.194839
0.982422;-0.256062
0.982666;-0.316235
0.982910;-0.375124
0.983154;-0.432500
0.983398;-0.488140
0.983643;-0.541831
0.983887;-0.593365
0.984131;-0.642544
0.984375;-0.689182
0.984619;-0.733099
0.984863;-0.774131
0.985107;-0.812122
0.985352;-0.846930
0.985596;-0.878424
0.985840;-0.906488
0.986084;-0.931019
0.986328;-0.951927
0.986572;-0.969137
0.986816;-0.982589
0.987061;-0.992235
0.987305;-0.998044
0.987549;-1.000000
0.987793;-0.998100
0.988037;-0.992357
0.988281;-0.982798
0.988525;-0.969465
0.988770;-0.952414
0.989014;-0.931715
0.989258;-0.907452
0.989502;-0.879722
0.989746;-0.848635
0.989990;-0.814313
0.990234;-0.776892
0.990479;-0.736517
0.990723;-0.693346
0.990967;-0.647545
0.991211;-0.599292
0.991455;-0.548772
0.991699;-0.496179
0.991943;-0.441716
0.992188;-0.385590
0.992432;-0.328016
0.992676;-0.269212
0.992920;-0.209404
0.993164;-0.148817
0.993408;-0.087682
0.993652;-0.026230
0.993896;0.035306
0.994141;0.096694
0.994385;0.157703
0.994629;0.218102
0.994873;0.277664
0.995117;0.336165
0.995361;0.393386
0.995605;0.449110
0.995850;0.503130
0.996094;0.555243
0.996338;0.605253
0.996582;0.652973
0.996826;0.698225
0.997070;0.740839
0.997314;0.780657
0.997559;0.817529
0.997803;0.851318
0.998047;0.881898
0.998291;0.909154
0.998535;0.932985
0.998779;0.953302
0.999023;0.970030
0.999268;0.983105
0.999512;0.992479
0.999756;0.998118
