0.000000;-0.000000
0.001667;-0.041876
0.003333;-0.083678
0.005000;-0.125333
0.006667;-0.166769
0.008333;-0.207912
0.010000;-0.248690
0.011667;-0.289032
0.013333;-0.328867
0.015000;-0.368125
0.016667;-0.406737
0.018333;-0.444635
0.020000;-0.481754
0.021667;-0.518027
0.023333;-0.553392
0.025000;-0.587785
0.026667;-0.621148
0.028333;-0.653421
0.030000;-0.684547
0.031667;-0.714473
0.033333;-0.743145
0.035000;-0.770513
0.036667;-0.796530
0.038333;-0.821149
0.040000;-0.844328
0.041667;-0.866025
0.043333;-0.886204
0.045000;-0.904827
0.046667;-0.921863
0.048333;-0.937282
0.050000;-0.951056
0.051667;-0.963162
0.053333;-0.973579
0.055000;-0.982287
0.056667;-0.989272
0.058333;-0.994522
0.060000;-0.998027
0.061667;-0.999781
0.063333;-0.999781
0.065000;-0.998027
0.066667;-0.994522
0.068333;-0.989272
0.070000;-0.982287
0.071667;-0.973579
0.073333;-0.963163
0.075000;-0.951057
0.076667;-0.937282
0.078333;-0.921863
0.080000;-0.904827
0.081667;-0.886204
0.083333;-0.866026
0.085000;-0.844329
0.086667;-0.821150
0.088333;-0.796531
0.090000;-0.770514
0.091667;-0.743146
0.093333;-0.714474
0.095000;-0.684548
0.096667;-0.653422
0.098333;-0.621149
0.100000;-0.587786
0.101667;-0.553393
0.103333;-0.518028
0.105000;-0.481755
0.106667;-0.444637
0.108333;-0.406738
0.110000;-0.368126
0.111667;-0.328868
0.113333;-0.289033
0.115000;-0.248692
0.116667;-0.207913
0.118333;-0.166771
0.120000;-0.125335
0.121667;-0.083680
0.123333;-0.041878
0.125000;-0.000002
0.126667;0.041874
0.128333;0.083676
0.130000;0.125331
0.131667;0.166767
0.133333;0.207910
0.135000;0.248688
0.136667;0.289030
0.138333;0.328865
0.140000;0.368122
0.141667;0.406735
0.143333;0.444633
0.145000;0.481752
0.146667;0.518025
0.148333;0.553390
0.150000;0.587783
0.151667;0.621146
0.153333;0.653419
0.155000;0.684545
0.156667;0.714471
0.158333;0.743143
0.160000;0.770512
0.161667;0.796528
0.163333;0.821148
0.165000;0.844326
0.166667;0.866024
0.168333;0.886202
0.170000;0.904826
0.171667;0.921862
0.173333;0.937281
0.175000;0.951056
0.176667;0.963162
0.178333;0.973578
0.180000;0.982287
0.181667;0.989272
0.183333;0.994522
0.185000;0.998027
0.186667;0.999781
0.188333;0.999781
0.190000;0.998027
0.191667;0.994522
0.193333;0.989273
0.195000;0.982288
0.196667;0.973580
0.198333;0.963164
0.200000;0.951058
0.201667;0.937283
0.203333;0.921865
0.205000;0.904829
0.206667;0.886205
0.208333;0.866027
0.210000;0.844330
0.211667;0.821151
0.213333;0.796532
0.215000;0.770516
0.216667;0.743148
0.218333;0.714476
0.220000;0.684550
0.221666;0.653424
0.223333;0.621151
0.225000;0.587789
0.226666;0.553395
0.228333;0.518031
0.230000;0.481757
0.231666;0.444639
0.233333;0.406741
0.235000;0.368129
0.236666;0.328871
0.238333;0.289036
0.240000;0.248694
0.241666;0.207916
0.243333;0.166773
0.245000;0.125338
0.246666;0.083683
0.248333;0.041880
0.250000;0.000005
0.251666;-0.041871
0.253333;-0.083673
0.255000;-0.125329
0.256666;-0.166764
0.258333;-0.207907
0.260000;-0.248685
0.261666;-0.289027
0.263333;-0.328862
0.265000;-0.368120
0.266666;-0.406732
0.268333;-0.444631
0.270000;-0.481749
0.271666;-0.518023
0.273333;-0.553387
0.275000;-0.587781
0.276666;-0.621144
0.278333;-0.653417
0.280000;-0.684543
0.281666;-0.714469
0.283333;-0.743141
0.285000;-0.770510
0.286666;-0.796527
0.288333;-0.821146
0.290000;-0.844325
0.291666;-0.866023
0.293333;-0.886201
0.295000;-0.904825
0.296666;-0.921861
0.298333;-0.937280
0.300000;-0.951055
0.301666;-0.963161
0.303333;-0.973578
0.305000;-0.982286
0.306666;-0.989271
0.308333;-0.994521
0.310000;-0.998026
0.311666;-0.999781
0.313333;-0.999781
0.315000;-0.998027
0.316666;-0.994523
0.318333;-0.989273
0.320000;-0.982288
0.321666;-0.973580
0.323333;-0.963164
0.325000;-0.951058
0.326666;-0.937284
0.328333;-0.921866
0.330000;-0.904830
0.331666;-0.886207
0.333333;-0.866029
0.335000;-0.844331
0.336666;-0.821153
0.338333;-0.796534
0.340000;-0.770517
0.341666;-0.743149
0.343333;-0.714477
0.345000;-0.684552
0.346666;-0.653426
0.348333;-0.621153
0.350000;-0.587791
0.351666;-0.553397
0.353333;-0.518033
0.355000;-0.481760
0.356666;-0.444641
0.358333;-0.406743
0.360000;-0.368131
0.361666;-0.328873
0.363333;-0.289039
0.365000;-0.248697
0.366666;-0.207919
0.368333;-0.166776
0.370000;-0.125341
0.371666;-0.083685
0.373333;-0.041883
0.375000;-0.000007
0.376666;0.041868
0.378333;0.083670
0.380000;0.125326
0.381666;0.166761
0.383333;0.207904
0.385000;0.248682
0.386666;0.289024
0.388333;0.328859
0.390000;0.368117
0.391666;0.406729
0.393333;0.444628
0.395000;0.481747
0.396666;0.518020
0.398333;0.553385
0.400000;0.587779
0.401666;0.621141
0.403333;0.653414
0.405000;0.684541
0.406666;0.714467
0.408333;0.743139
0.410000;0.770508
0.411666;0.796525
0.413333;0.821144
0.415000;0.844323
0.416666;0.866021
0.418333;0.886200
0.420000;0.904823
0.421666;0.921860
0.423333;0.937279
0.425000;0.951054
0.426666;0.963160
0.428333;0.973577
0.430000;0.982286
0.431666;0.989271
0.433333;0.994521
0.435000;0.998026
0.436666;0.999780
0.438333;0.999781
0.440000;0.998027
0.441666;0.994523
0.443333;0.989274
0.445000;0.982289
0.446666;0.973581
0.448333;0.963165
0.450000;0.951059
0.451666;0.937285
0.453333;0.921867
0.455000;0.904831
0.456666;0.886208
0.458333;0.866030
0.460000;0.844333
0.461666;0.821155
0.463333;0.796536
0.465000;0.770519
0.466666;0.743151
0.468333;0.714479
0.470000;0.684554
0.471666;0.653428
0.473333;0.621156
0.475000;0.587793
0.476666;0.553400
0.478333;0.518036
0.480000;0.481762
0.481666;0.444644
0.483333;0.406746
0.485000;0.368134
0.486666;0.328876
0.488333;0.289042
0.490000;0.248700
0.491666;0.207922
0.493333;0.166779
0.495000;0.125344
0.496666;0.083688
0.498333;0.041886
0.500000;0.000010
0.501666;-0.041865
0.503333;-0.083667
0.505000;-0.125323
0.506666;-0.166758
0.508333;-0.207901
0.510000;-0.248680
0.511666;-0.289022
0.513333;-0.328856
0.515000;-0.368115
0.516666;-0.406727
0.518333;-0.444625
0.520000;-0.481744
0.521666;-0.518018
0.523333;-0.553382
0.525000;-0.587776
0.526666;-0.621139
0.528333;-0.653412
0.530000;-0.684539
0.531666;-0.714465
0.533333;-0.743137
0.535000;-0.770506
0.536666;-0.796523
0.538333;-0.821143
0.540000;-0.844322
0.541666;-0.866020
0.543333;-0.886198
0.545000;-0.904822
0.546666;-0.921859
0.548333;-0.937278
0.550000;-0.951053
0.551666;-0.963159
0.553333;-0.973576
0.555000;-0.982285
0.556666;-0.989271
0.558333;-0.994521
0.560000;-0.998026
0.561666;-0.999780
0.563333;-0.999781
0.565000;-0.998028
0.566666;-0.994523
0.568333;-0.989274
0.570000;-0.982290
0.571666;-0.973582
0.573333;-0.963166
0.575000;-0.951060
0.576666;-0.937286
0.578333;-0.921868
0.580000;-0.904832
0.581666;-0.886209
0.583333;-0.866032
0.585000;-0.844335
0.586666;-0.821156
0.588333;-0.796538
0.589999;-0.770521
0.591666;-0.743153
0.593333;-0.714482
0.594999;-0.684556
0.596666;-0.653430
0.598333;-0.621158
0.599999;-0.587796
0.601666;-0.553402
0.603333;-0.518038
0.604999;-0.481765
0.606666;-0.444647
0.608333;-0.406749
0.609999;-0.368137
0.611666;-0.328879
0.613333;-0.289044
0.614999;-0.248703
0.616666;-0.207925
0.618333;-0.166782
0.619999;-0.125346
0.621666;-0.083691
0.623333;-0.041889
0.624999;-0.000013
0.626666;0.041862
0.628333;0.083664
0.629999;0.125320
0.631666;0.166755
0.633333;0.207898
0.634999;0.248677
0.636666;0.289019
0.638333;0.328854
0.639999;0.368112
0.641666;0.406724
0.643333;0.444623
0.644999;0.481741
0.646666;0.518015
0.648333;0.553380
0.649999;0.587774
0.651666;0.621137
0.653333;0.653410
0.654999;0.684537
0.656666;0.714463
0.658333;0.743135
0.659999;0.770504
0.661666;0.796521
0.663333;0.821141
0.664999;0.844320
0.666666;0.866018
0.668333;0.886197
0.669999;0.904821
0.671666;0.921857
0.673333;0.937277
0.674999;0.951052
0.676666;0.963159
0.678333;0.973576
0.679999;0.982284
0.681666;0.989270
0.683333;0.994520
0.684999;0.998026
0.686666;0.999780
0.688333;0.999781
0.689999;0.998028
0.691666;0.994523
0.693333;0.989275
0.694999;0.982290
0.696666;0.973582
0.698333;0.963167
0.699999;0.951061
0.701666;0.937287
0.703333;0.921869
0.704999;0.904834
0.706666;0.886211
0.708333;0.866033
0.709999;0.844336
0.711666;0.821158
0.713333;0.796539
0.714999;0.770523
0.716666;0.743155
0.718333;0.714484
0.719999;0.684559
0.721666;0.653433
0.723333;0.621160
0.724999;0.587798
0.726666;0.553405
0.728333;0.518041
0.729999;0.481768
0.731666;0.444650
0.733333;0.406751
0.734999;0.368140
0.736666;0.328882
0.738333;0.289047
0.739999;0.248706
0.741666;0.207928
0.743333;0.166785
0.744999;0.125349
0.746666;0.083694
0.748333;0.041892
0.749999;0.000016
0.751666;-0.041859
0.753333;-0.083661
0.754999;-0.125317
0.756666;-0.166752
0.758333;-0.207895
0.759999;-0.248674
0.761666;-0.289016
0.763333;-0.328851
0.764999;-0.368109
0.766666;-0.406721
0.768333;-0.444620
0.769999;-0.481739
0.771666;-0.518012
0.773333;-0.553377
0.774999;-0.587771
0.776666;-0.621134
0.778333;-0.653408
0.779999;-0.684535
0.781666;-0.714461
0.783333;-0.743133
0.784999;-0.770502
0.786666;-0.796519
0.788333;-0.821139
0.789999;-0.844319
0.791666;-0.866017
0.793333;-0.886195
0.794999;-0.904820
0.796666;-0.921856
0.798333;-0.937276
0.799999;-0.951051
0.801666;-0.963158
0.803333;-0.973575
0.804999;-0.982284
0.806666;-0.989270
0.808333;-0.994520
0.809999;-0.998026
0.811666;-0.999780
0.813333;-0.999781
0.814999;-0.998028
0.816666;-0.994524
0.818333;-0.989275
0.819999;-0.982291
0.821666;-0.973583
0.823333;-0.963167
0.824999;-0.951062
0.826666;-0.937288
0.828333;-0.921870
0.829999;-0.904835
0.831666;-0.886212
0.833333;-0.866035
0.834999;-0.844338
0.836666;-0.821160
0.838333;-0.796541
0.839999;-0.770525
0.841666;-0.743157
0.843333;-0.714486
0.844999;-0.684561
0.846666;-0.653435
0.848333;-0.621163
0.849999;-0.587801
0.851666;-0.553407
0.853333;-0.518043
0.854999;-0.481770
0.856666;-0.444652
0.858333;-0.406754
0.859999;-0.368142
0.861666;-0.328885
0.863333;-0.289050
0.864999;-0.248709
0.866666;-0.207931
0.868333;-0.166788
0.869999;-0.125352
0.871666;-0.083697
0.873333;-0.041895
0.874999;-0.000019
0.876666;0.041856
0.878333;0.083658
0.879999;0.125314
0.881666;0.166749
0.883333;0.207892
0.884999;0.248671
0.886666;0.289013
0.888333;0.328848
0.889999;0.368106
0.891666;0.406719
0.893333;0.444617
0.894999;0.481736
0.896666;0.518010
0.898333;0.553375
0.899999;0.587769
0.901666;0.621132
0.903333;0.653405
0.904999;0.684532
0.906666;0.714459
0.908333;0.743131
0.909999;0.770500
0.911666;0.796518
0.913333;0.821138
0.914999;0.844317
0.916666;0.866015
0.918333;0.886194
0.919999;0.904818
0.921666;0.921855
0.923333;0.937275
0.924999;0.951050
0.926666;0.963157
0.928333;0.973574
0.929999;0.982283
0.931666;0.989269
0.933333;0.994520
0.934999;0.998025
0.936666;0.999780
0.938332;0.999781
0.939999;0.998028
0.941666;0.994524
0.943332;0.989275
0.944999;0.982291
0.946666;0.973584
0.948332;0.963168
0.949999;0.951063
0.951666;0.937289
0.953332;0.921871
0.954999;0.904836
0.956666;0.886213
0.958332;0.866036
0.959999;0.844339
0.961666;0.821162
0.963332;0.796543
0.964999;0.770527
0.966666;0.743159
0.968332;0.714488
0.969999;0.684563
0.971666;0.653437
0.973332;0.621165
0.974999;0.587803
0.976666;0.553410
0.978332;0.518046
0.979999;0.481773
0.981666;0.444655
0.983332;0.406757
0.984999;0.368145
0.986666;0.328888
0.988332;0.289053
0.989999;0.248711
0.991666;0.207933
0.993332;0.166791
0.994999;0.125355
0.996666;0.083700
0.998332;0.041898
0.999999;0.000022
1.001666;-0.041855
1.003332;-0.083657
1.004999;-0.125312
1.006666;-0.166748
1.008332;-0.207891
1.009999;-0.248669
1.011666;-0.289011
1.013332;-0.328847
1.014999;-0.368105
1.016666;-0.406717
1.018332;-0.444616
1.019999;-0.481735
1.021666;-0.518009
1.023332;-0.553374
1.024999;-0.587768
1.026666;-0.621131
1.028332;-0.653404
1.029999;-0.684531
1.031666;-0.714458
1.033332;-0.743130
1.034999;-0.770499
1.036666;-0.796517
1.038332;-0.821137
1.039999;-0.844316
1.041666;-0.866014
1.043332;-0.886193
1.044999;-0.904818
1.046666;-0.921855
1.048332;-0.937274
1.049999;-0.951050
1.051666;-0.963157
1.053332;-0.973574
1.054999;-0.982283
1.056666;-0.989269
1.058332;-0.994520
1.059999;-0.998025
1.061666;-0.999780
1.063332;-0.999781
1.064999;-0.998028
1.066666;-0.994524
1.068332;-0.989276
1.069999;-0.982292
1.071666;-0.973584
1.073332;-0.963169
1.074999;-0.951064
1.076666;-0.937290
1.078332;-0.921872
1.079999;-0.904837
1.081666;-0.886214
1.083332;-0.866037
1.084999;-0.844340
1.086666;-0.821162
1.088332;-0.796544
1.089999;-0.770528
1.091666;-0.743160
1.093332;-0.714489
1.094999;-0.684564
1.096666;-0.653438
1.098332;-0.621166
1.099999;-0.587804
1.101666;-0.553411
1.103332;-0.518047
1.104999;-0.481774
1.106666;-0.444656
1.108332;-0.406758
1.109999;-0.368146
1.111666;-0.328889
1.113332;-0.289054
1.114999;-0.248713
1.116666;-0.207935
1.118332;-0.166792
1.119999;-0.125357
1.121666;-0.083702
1.123332;-0.041900
1.124999;-0.000024
1.126666;0.041852
1.128332;0.083654
1.129999;0.125309
1.131666;0.166745
1.133332;0.207888
1.134999;0.248666
1.136666;0.289009
1.138332;0.328844
1.139999;0.368102
1.141666;0.406714
1.143332;0.444613
1.144999;0.481732
1.146666;0.518006
1.148332;0.553371
1.149999;0.587765
1.151666;0.621128
1.153332;0.653402
1.154999;0.684529
1.156666;0.714455
1.158332;0.743128
1.159999;0.770497
1.161666;0.796515
1.163332;0.821135
1.164999;0.844315
1.166666;0.866013
1.168332;0.886192
1.169999;0.904816
1.171666;0.921853
1.173332;0.937273
1.174999;0.951049
1.176666;0.963156
1.178332;0.973573
1.179999;0.982283
1.181666;0.989269
1.183332;0.994519
1.184999;0.998025
1.186666;0.999780
1.188332;0.999781
1.189999;0.998028
1.191666;0.994525
1.193332;0.989276
1.194999;0.982292
1.196666;0.973585
1.198332;0.963169
1.199999;0.951064
1.201666;0.937291
1.203332;0.921873
1.204999;0.904838
1.206666;0.886216
1.208332;0.866038
1.209999;0.844342
1.211666;0.821164
1.213332;0.796546
1.214999;0.770530
1.216666;0.743162
1.218332;0.714491
1.219999;0.684566
1.221666;0.653440
1.223332;0.621168
1.224999;0.587807
1.226666;0.553414
1.228332;0.518050
1.229999;0.481777
1.231666;0.444659
1.233332;0.406761
1.234999;0.368149
1.236666;0.328892
1.238332;0.289057
1.239999;0.248716
1.241666;0.207938
1.243332;0.166795
1.244999;0.125360
1.246666;0.083705
1.248332;0.041903
1.249999;0.000027
1.251666;-0.041849
1.253332;-0.083651
1.254999;-0.125306
1.256666;-0.166742
1.258332;-0.207885
1.259999;-0.248664
1.261666;-0.289006
1.263332;-0.328841
1.264999;-0.368099
1.266666;-0.406712
1.268332;-0.444611
1.269999;-0.481730
1.271666;-0.518004
1.273332;-0.553369
1.274999;-0.587763
1.276666;-0.621126
1.278332;-0.653400
1.279999;-0.684527
1.281666;-0.714453
1.283332;-0.743126
1.284999;-0.770496
1.286666;-0.796513
1.288332;-0.821133
1.289999;-0.844313
1.291666;-0.866011
1.293332;-0.886191
1.294999;-0.904815
1.296666;-0.921852
1.298332;-0.937272
1.299999;-0.951048
1.301666;-0.963155
1.303332;-0.973572
1.304999;-0.982282
1.306666;-0.989268
1.308332;-0.994519
1.309999;-0.998025
1.311666;-0.999780
1.313332;-0.999781
1.314999;-0.998029
1.316666;-0.994525
1.318332;-0.989277
1.319999;-0.982293
1.321666;-0.973585
1.323332;-0.963170
1.324999;-0.951065
1.326666;-0.937292
1.328332;-0.921874
1.329999;-0.904839
1.331666;-0.886217
1.333332;-0.866040
1.334999;-0.844343
1.336666;-0.821166
1.338332;-0.796547
1.339999;-0.770532
1.341666;-0.743164
1.343332;-0.714493
1.344999;-0.684568
1.346666;-0.653443
1.348332;-0.621171
1.349999;-0.587809
1.351665;-0.553416
1.353332;-0.518052
1.354999;-0.481779
1.356665;-0.444662
1.358332;-0.406764
1.359999;-0.368152
1.361665;-0.328895
1.363332;-0.289060
1.364999;-0.248719
1.366665;-0.207941
1.368332;-0.166798
1.369999;-0.125363
1.371665;-0.083708
1.373332;-0.041906
1.374999;-0.000030
1.376665;0.041846
1.378332;0.083648
1.379999;0.125303
1.381665;0.166739
1.383332;0.207882
1.384999;0.248661
1.386665;0.289003
1.388332;0.328838
1.389999;0.368096
1.391665;0.406709
1.393332;0.444608
1.394999;0.481727
1.396665;0.518001
1.398332;0.553366
1.399999;0.587761
1.401665;0.621124
1.403332;0.653397
1.404999;0.684525
1.406665;0.714451
1.408332;0.743124
1.409999;0.770494
1.411665;0.796511
1.413332;0.821132
1.414999;0.844311
1.416665;0.866010
1.418332;0.886189
1.419999;0.904814
1.421665;0.921851
1.423332;0.937271
1.424999;0.951047
1.426665;0.963154
1.428332;0.973572
1.429999;0.982281
1.431665;0.989268
1.433332;0.994519
1.434999;0.998025
1.436665;0.999780
1.438332;0.999781
1.439999;0.998029
1.441665;0.994525
1.443332;0.989277
1.444999;0.982293
1.446665;0.973586
1.448332;0.963171
1.449999;0.951066
1.451665;0.937293
1.453332;0.921875
1.454999;0.904841
1.456665;0.886218
1.458332;0.866041
1.459999;0.844345
1.461665;0.821167
1.463332;0.796549
1.464999;0.770534
1.466665;0.743166
1.468332;0.714495
1.469999;0.684571
1.471665;0.653445
1.473332;0.621173
1.474999;0.587811
1.476665;0.553419
1.478332;0.518055
1.479999;0.481782
1.481665;0.444664
1.483332;0.406766
1.484999;0.368155
1.486665;0.328897
1.488332;0.289063
1.489999;0.248722
1.491665;0.207944
1.493332;0.166801
1.494999;0.125366
1.496665;0.083711
1.498332;0.041909
1.499999;0.000033
1.501665;-0.041843
1.503332;-0.083645
1.504999;-0.125300
1.506665;-0.166736
1.508332;-0.207879
1.509999;-0.248658
1.511665;-0.289000
1.513332;-0.328835
1.514999;-0.368094
1.516665;-0.406706
1.518332;-0.444605
1.519999;-0.481724
1.521665;-0.517998
1.523332;-0.553364
1.524999;-0.587758
1.526665;-0.621121
1.528332;-0.653395
1.529999;-0.684523
1.531665;-0.714449
1.533332;-0.743122
1.534999;-0.770492
1.536665;-0.796510
1.538332;-0.821130
1.539999;-0.844310
1.541665;-0.866008
1.543332;-0.886188
1.544999;-0.904813
1.546665;-0.921850
1.548332;-0.937270
1.549999;-0.951046
1.551665;-0.963153
1.553332;-0.973571
1.554999;-0.982281
1.556665;-0.989267
1.558332;-0.994518
1.559999;-0.998025
1.561665;-0.999780
1.563332;-0.999781
1.564999;-0.998029
1.566665;-0.994525
1.568332;-0.989277
1.569999;-0.982294
1.571665;-0.973587
1.573332;-0.963172
1.574999;-0.951067
1.576665;-0.937294
1.578332;-0.921877
1.579999;-0.904842
1.581665;-0.886220
1.583332;-0.866043
1.584999;-0.844347
1.586665;-0.821169
1.588332;-0.796551
1.589999;-0.770536
1.591665;-0.743168
1.593332;-0.714497
1.594999;-0.684573
1.596665;-0.653447
1.598332;-0.621175
1.599999;-0.587814
1.601665;-0.553421
1.603332;-0.518057
1.604999;-0.481785
1.606665;-0.444667
1.608332;-0.406769
1.609999;-0.368158
1.611665;-0.328900
1.613332;-0.289066
1.614999;-0.248724
1.616665;-0.207947
1.618332;-0.166804
1.619999;-0.125369
1.621665;-0.083714
1.623332;-0.041912
1.624999;-0.000036
1.626665;0.041840
1.628332;0.083642
1.629999;0.125297
1.631665;0.166733
1.633332;0.207876
1.634999;0.248655
1.636665;0.288997
1.638332;0.328832
1.639999;0.368091
1.641665;0.406703
1.643332;0.444603
1.644999;0.481722
1.646665;0.517996
1.648332;0.553361
1.649999;0.587756
1.651665;0.621119
1.653332;0.653393
1.654999;0.684520
1.656665;0.714447
1.658332;0.743120
1.659999;0.770490
1.661665;0.796508
1.663332;0.821128
1.664999;0.844308
1.666665;0.866007
1.668332;0.886186
1.669999;0.904811
1.671665;0.921849
1.673332;0.937269
1.674999;0.951045
1.676665;0.963153
1.678332;0.973570
1.679999;0.982280
1.681665;0.989267
1.683332;0.994518
1.684999;0.998024
1.686665;0.999780
1.688332;0.999781
1.689999;0.998029
1.691665;0.994526
1.693332;0.989278
1.694999;0.982294
1.696665;0.973588
1.698332;0.963173
1.699998;0.951068
1.701665;0.937295
1.703332;0.921878
1.704998;0.904843
1.706665;0.886221
1.708332;0.866044
1.709998;0.844348
1.711665;0.821171
1.713332;0.796553
1.714998;0.770537
1.716665;0.743170
1.718332;0.714499
1.719998;0.684575
1.721665;0.653450
1.723332;0.621178
1.724998;0.587816
1.726665;0.553424
1.728332;0.518060
1.729998;0.481787
1.731665;0.444670
1.733332;0.406772
1.734998;0.368160
1.736665;0.328903
1.738332;0.289069
1.739998;0.248727
1.741665;0.207950
1.743332;0.166807
1.744998;0.125372
1.746665;0.083717
1.748332;0.041915
1.749998;0.000039
1.751665;-0.041837
1.753332;-0.083639
1.754998;-0.125294
1.756665;-0.166730
1.758332;-0.207873
1.759998;-0.248652
1.761665;-0.288994
1.763332;-0.328830
1.764998;-0.368088
1.766665;-0.406701
1.768332;-0.444600
1.769998;-0.481719
1.771665;-0.517993
1.773332;-0.553359
1.774998;-0.587753
1.776665;-0.621117
1.778332;-0.653391
1.779998;-0.684518
1.781665;-0.714445
1.783332;-0.743118
1.784998;-0.770488
1.786665;-0.796506
1.788332;-0.821126
1.789998;-0.844307
1.791665;-0.866005
1.793332;-0.886185
1.794998;-0.904810
1.796665;-0.921848
1.798332;-0.937268
1.799998;-0.951044
1.801665;-0.963152
1.803332;-0.973570
1.804998;-0.982280
1.806665;-0.989266
1.808332;-0.994518
1.809998;-0.998024
1.811665;-0.999780
1.813332;-0.999782
1.814998;-0.998029
1.816665;-0.994526
1.818332;-0.989278
1.819998;-0.982295
1.821665;-0.973588
1.823332;-0.963174
1.824998;-0.951069
1.826665;-0.937296
1.828332;-0.921879
1.829998;-0.904844
1.831665;-0.886223
1.833332;-0.866046
1.834998;-0.844350
1.836665;-0.821173
1.838332;-0.796555
1.839998;-0.770539
1.841665;-0.743172
1.843332;-0.714502
1.844998;-0.684577
1.846665;-0.653452
1.848332;-0.621180
1.849998;-0.587819
1.851665;-0.553426
1.853332;-0.518062
1.854998;-0.481790
1.856665;-0.444672
1.858332;-0.406775
1.859998;-0.368163
1.861665;-0.328906
1.863332;-0.289072
1.864998;-0.248730
1.866665;-0.207952
1.868332;-0.166810
1.869998;-0.125375
1.871665;-0.083720
1.873332;-0.041917
1.874998;-0.000042
1.876665;0.041834
1.878332;0.083636
1.879998;0.125292
1.881665;0.166727
1.883332;0.207870
1.884998;0.248649
1.886665;0.288991
1.888332;0.328827
1.889998;0.368085
1.891665;0.406698
1.893332;0.444597
1.894998;0.481717
1.896665;0.517991
1.898332;0.553356
1.899998;0.587751
1.901665;0.621114
1.903332;0.653388
1.904998;0.684516
1.906665;0.714443
1.908332;0.743116
1.909998;0.770486
1.911665;0.796504
1.913332;0.821125
1.914998;0.844305
1.916665;0.866004
1.918332;0.886184
1.919998;0.904809
1.921665;0.921846
1.923332;0.937267
1.924998;0.951043
1.926665;0.963151
1.928332;0.973569
1.929998;0.982279
1.931665;0.989266
1.933332;0.994517
1.934998;0.998024
1.936665;0.999780
1.938332;0.999782
1.939998;0.998029
1.941665;0.994526
1.943332;0.989279
1.944998;0.982295
1.946665;0.973589
1.948332;0.963174
1.949998;0.951070
1.951665;0.937297
1.953332;0.921880
1.954998;0.904846
1.956665;0.886224
1.958332;0.866047
1.959998;0.844351
1.961665;0.821174
1.963332;0.796557
1.964998;0.770541
1.966665;0.743174
1.968332;0.714504
1.969998;0.684579
1.971665;0.653454
1.973332;0.621183
1.974998;0.587821
1.976665;0.553428
1.978332;0.518065
1.979998;0.481793
1.981665;0.444675
1.983332;0.406777
1.984998;0.368166
1.986665;0.328909
1.988332;0.289075
1.989998;0.248733
1.991665;0.207955
1.993332;0.166813
1.994998;0.125378
1.996665;0.083723
1.998332;0.041920
1.999998;0.000045
2.001665;-0.041831
2.003332;-0.083636
2.004998;-0.125294
2.006665;-0.166733
2.008332;-0.207879
2.009999;-0.248661
2.011666;-0.289006
2.013332;-0.328844
2.014999;-0.368105
2.016666;-0.406720
2.018333;-0.444621
2.020000;-0.481743
2.021666;-0.518019
2.023333;-0.553386
2.025000;-0.587782
2.026667;-0.621147
2.028333;-0.653422
2.030000;-0.684551
2.031667;-0.714478
2.033334;-0.743152
2.035001;-0.770522
2.036667;-0.796540
2.038334;-0.821161
2.040001;-0.844340
2.041668;-0.866038
2.043334;-0.886217
2.045001;-0.904841
2.046668;-0.921877
2.048335;-0.937295
2.050002;-0.951069
2.051668;-0.963174
2.053335;-0.973590
2.055002;-0.982297
2.056669;-0.989280
2.058336;-0.994528
2.060002;-0.998030
2.061669;-0.999782
2.063336;-0.999779
2.065003;-0.998022
2.066669;-0.994515
2.068336;-0.989262
2.070003;-0.982273
2.071670;-0.973561
2.073337;-0.963140
2.075003;-0.951030
2.076670;-0.937251
2.078337;-0.921828
2.080004;-0.904787
2.081671;-0.886159
2.083337;-0.865975
2.085004;-0.844273
2.086671;-0.821089
2.088338;-0.796464
2.090004;-0.770442
2.091671;-0.743068
2.093338;-0.714390
2.095005;-0.684459
2.096672;-0.653327
2.098338;-0.621049
2.100005;-0.587681
2.101672;-0.553281
2.103339;-0.517911
2.105006;-0.481632
2.106672;-0.444509
2.108339;-0.406605
2.110006;-0.367988
2.111673;-0.328725
2.113339;-0.288885
2.115006;-0.248539
2.116673;-0.207756
2.118340;-0.166609
2.120007;-0.125170
2.121673;-0.083511
2.123340;-0.041705
2.125007;0.000174
2.126674;0.042052
2.128340;0.083857
2.130007;0.125514
2.131674;0.166952
2.133341;0.208096
2.135008;0.248875
2.136674;0.289218
2.138341;0.329053
2.140008;0.368311
2.141675;0.406922
2.143342;0.444820
2.145008;0.481937
2.146675;0.518209
2.148342;0.553571
2.150009;0.587962
2.151675;0.621321
2.153342;0.653590
2.155009;0.684713
2.156676;0.714634
2.158343;0.743301
2.160009;0.770664
2.161676;0.796674
2.163343;0.821287
2.165010;0.844459
2.166677;0.866149
2.168343;0.886320
2.170010;0.904935
2.171677;0.921963
2.173344;0.937372
2.175010;0.951138
2.176677;0.963234
2.178344;0.973640
2.180011;0.982338
2.181678;0.989312
2.183344;0.994551
2.185011;0.998044
2.186678;0.999787
2.188345;0.999775
2.190012;0.998009
2.191678;0.994491
2.193345;0.989229
2.195012;0.982231
2.196679;0.973510
2.198345;0.963081
2.200012;0.950962
2.201679;0.937174
2.203346;0.921742
2.205013;0.904693
2.206679;0.886056
2.208346;0.865865
2.210013;0.844154
2.211680;0.820962
2.213346;0.796330
2.215013;0.770301
2.216680;0.742920
2.218347;0.714235
2.220014;0.684298
2.221680;0.653159
2.223347;0.620875
2.225014;0.587501
2.226681;0.553097
2.228348;0.517722
2.230014;0.481438
2.231681;0.444310
2.233348;0.406402
2.235015;0.367782
2.236681;0.328515
2.238348;0.288673
2.240015;0.248324
2.241682;0.207539
2.243349;0.166390
2.245015;0.124950
2.246682;0.083290
2.248349;0.041483
2.250016;-0.000396
2.251683;-0.042274
2.253349;-0.084078
2.255016;-0.125734
2.256683;-0.167170
2.258350;-0.208313
2.260016;-0.249090
2.261683;-0.289430
2.263350;-0.329262
2.265017;-0.368517
2.266684;-0.407125
2.268350;-0.445019
2.270017;-0.482131
2.271684;-0.518398
2.273351;-0.553755
2.275017;-0.588141
2.276684;-0.621495
2.278351;-0.653758
2.280018;-0.684874
2.281685;-0.714789
2.283351;-0.743449
2.285018;-0.770805
2.286685;-0.796808
2.288352;-0.821414
2.290019;-0.844578
2.291685;-0.866260
2.293352;-0.886422
2.295019;-0.905029
2.296686;-0.922048
2.298352;-0.937450
2.300019;-0.951206
2.301686;-0.963293
2.303353;-0.973691
2.305020;-0.982379
2.306686;-0.989345
2.308353;-0.994574
2.310020;-0.998058
2.311687;-0.999791
2.313354;-0.999770
2.315020;-0.997995
2.316687;-0.994468
2.318354;-0.989197
2.320021;-0.982190
2.321687;-0.973459
2.323354;-0.963021
2.325021;-0.950893
2.326688;-0.937097
2.328355;-0.921656
2.330021;-0.904598
2.331688;-0.885953
2.333355;-0.865754
2.335022;-0.844035
2.336689;-0.820836
2.338355;-0.796196
2.340022;-0.770159
2.341689;-0.742771
2.343356;-0.714080
2.345022;-0.684136
2.346689;-0.652991
2.348356;-0.620701
2.350023;-0.587322
2.351690;-0.552912
2.353356;-0.517532
2.355023;-0.481244
2.356690;-0.444111
2.358357;-0.406200
2.360023;-0.367575
2.361690;-0.328306
2.363357;-0.288461
2.365024;-0.248109
2.366691;-0.207322
2.368357;-0.166172
2.370024;-0.124730
2.371691;-0.083069
2.373358;-0.041262
2.375025;0.000617
2.376691;0.042495
2.378358;0.084299
2.380025;0.125954
2.381692;0.167389
2.383358;0.208530
2.385025;0.249305
2.386692;0.289642
2.388359;0.329472
2.390026;0.368723
2.391692;0.407327
2.393359;0.445217
2.395026;0.482326
2.396693;0.518588
2.398360;0.553940
2.400026;0.588320
2.401693;0.621668
2.403360;0.653926
2.405027;0.685036
2.406693;0.714944
2.408360;0.743597
2.410027;0.770946
2.411694;0.796942
2.413361;0.821540
2.415027;0.844696
2.416694;0.866371
2.418361;0.886525
2.420028;0.905124
2.421695;0.922134
2.423361;0.937527
2.425028;0.951274
2.426695;0.963353
2.428362;0.973741
2.430028;0.982421
2.431695;0.989377
2.433362;0.994597
2.435029;0.998072
2.436696;0.999796
2.438362;0.999765
2.440029;0.997980
2.441696;0.994445
2.443363;0.989164
2.445029;0.982148
2.446696;0.973409
2.448363;0.962961
2.450030;0.950824
2.451697;0.937019
2.453363;0.921570
2.455030;0.904504
2.456697;0.885850
2.458364;0.865643
2.460031;0.843916
2.461697;0.820709
2.463364;0.796062
2.465031;0.770018
2.466698;0.742623
2.468364;0.713925
2.470031;0.683974
2.471698;0.652823
2.473365;0.620527
2.475032;0.587142
2.476698;0.552727
2.478365;0.517342
2.480032;0.481049
2.481699;0.443913
2.483366;0.405997
2.485032;0.367369
2.486699;0.328097
2.488366;0.288248
2.490033;0.247894
2.491699;0.207105
2.493366;0.165953
2.495033;0.124510
2.496700;0.082848
2.498367;0.041040
2.500033;-0.000839
2.501700;-0.042717
2.503367;-0.084520
2.505034;-0.126174
2.506701;-0.167608
2.508367;-0.208747
2.510034;-0.249520
2.511701;-0.289855
2.513368;-0.329681
2.515034;-0.368929
2.516701;-0.407530
2.518368;-0.445416
2.520035;-0.482520
2.521702;-0.518777
2.523368;-0.554125
2.525035;-0.588500
2.526702;-0.621842
2.528369;-0.654093
2.530035;-0.685197
2.531702;-0.715099
2.533369;-0.743745
2.535036;-0.771087
2.536703;-0.797076
2.538369;-0.821666
2.540036;-0.844815
2.541703;-0.866481
2.543370;-0.886627
2.545037;-0.905218
2.546703;-0.922220
2.548370;-0.937604
2.550037;-0.951343
2.551704;-0.963412
2.553370;-0.973792
2.555037;-0.982462
2.556704;-0.989409
2.558371;-0.994620
2.560038;-0.998086
2.561704;-0.999800
2.563371;-0.999760
2.565038;-0.997966
2.566705;-0.994421
2.568372;-0.989132
2.570038;-0.982106
2.571705;-0.973358
2.573372;-0.962902
2.575039;-0.950756
2.576705;-0.936942
2.578372;-0.921484
2.580039;-0.904409
2.581706;-0.885747
2.583373;-0.865532
2.585039;-0.843797
2.586706;-0.820582
2.588373;-0.795928
2.590040;-0.769876
2.591707;-0.742474
2.593373;-0.713770
2.595040;-0.683812
2.596707;-0.652655
2.598374;-0.620353
2.600040;-0.586963
2.601707;-0.552542
2.603374;-0.517152
2.605041;-0.480855
2.606708;-0.443714
2.608374;-0.405795
2.610041;-0.367163
2.611708;-0.327887
2.613375;-0.288036
2.615041;-0.247680
2.616708;-0.206889
2.618375;-0.165735
2.620042;-0.124290
2.621709;-0.082627
2.623375;-0.040819
2.625042;0.001061
2.626709;0.042938
2.628376;0.084741
2.630043;0.126394
2.631709;0.167826
2.633376;0.208963
2.635043;0.249734
2.636710;0.290067
2.638376;0.329890
2.640043;0.369135
2.641710;0.407732
2.643377;0.445614
2.645044;0.482714
2.646710;0.518967
2.648377;0.554309
2.650044;0.588679
2.651711;0.622016
2.653378;0.654261
2.655044;0.685359
2.656711;0.715254
2.658378;0.743894
2.660045;0.771228
2.661711;0.797210
2.663378;0.821793
2.665045;0.844934
2.666712;0.866592
2.668379;0.886730
2.670045;0.905312
2.671712;0.922306
2.673379;0.937681
2.675046;0.951411
2.676713;0.963472
2.678379;0.973842
2.680046;0.982504
2.681713;0.989441
2.683380;0.994643
2.685046;0.998099
2.686713;0.999804
2.688380;0.999755
2.690047;0.997952
2.691714;0.994398
2.693380;0.989099
2.695047;0.982065
2.696714;0.973307
2.698381;0.962842
2.700047;0.950687
2.701714;0.936864
2.703381;0.921398
2.705048;0.904314
2.706715;0.885644
2.708381;0.865421
2.710048;0.843678
2.711715;0.820456
2.713382;0.795793
2.715049;0.769735
2.716715;0.742326
2.718382;0.713614
2.720049;0.683651
2.721716;0.652487
2.723382;0.620179
2.725049;0.586783
2.726716;0.552357
2.728383;0.516963
2.730050;0.480661
2.731716;0.443515
2.733383;0.405592
2.735050;0.366957
2.736717;0.327678
2.738384;0.287824
2.740050;0.247465
2.741717;0.206672
2.743384;0.165516
2.745051;0.124070
2.746717;0.082406
2.748384;0.040597
2.750051;-0.001282
2.751718;-0.043160
2.753385;-0.084962
2.755051;-0.126614
2.756718;-0.168045
2.758385;-0.209180
2.760052;-0.249949
2.761719;-0.290279
2.763385;-0.330100
2.765052;-0.369341
2.766719;-0.407935
2.768386;-0.445813
2.770052;-0.482908
2.771719;-0.519156
2.773386;-0.554494
2.775053;-0.588858
2.776720;-0.622189
2.778386;-0.654429
2.780053;-0.685520
2.781720;-0.715409
2.783387;-0.744042
2.785053;-0.771370
2.786720;-0.797344
2.788387;-0.821919
2.790054;-0.845052
2.791721;-0.866703
2.793387;-0.886832
2.795054;-0.905406
2.796721;-0.922391
2.798388;-0.937758
2.800055;-0.951479
2.801721;-0.963531
2.803388;-0.973892
2.805055;-0.982545
2.806722;-0.989473
2.808388;-0.994666
2.810055;-0.998113
2.811722;-0.999809
2.813389;-0.999750
2.815056;-0.997938
2.816722;-0.994375
2.818389;-0.989066
2.820056;-0.982023
2.821723;-0.973256
2.823390;-0.962782
2.825056;-0.950618
2.826723;-0.936787
2.828390;-0.921311
2.830057;-0.904220
2.831723;-0.885541
2.833390;-0.865309
2.835057;-0.843559
2.836724;-0.820329
2.838391;-0.795659
2.840057;-0.769593
2.841724;-0.742177
2.843391;-0.713459
2.845058;-0.683489
2.846725;-0.652319
2.848391;-0.620005
2.850058;-0.586604
2.851725;-0.552173
2.853392;-0.516773
2.855058;-0.480466
2.856725;-0.443317
2.858392;-0.405389
2.860059;-0.366750
2.861726;-0.327468
2.863392;-0.287611
2.865059;-0.247250
2.866726;-0.206455
2.868393;-0.165297
2.870059;-0.123850
2.871726;-0.082185
2.873393;-0.040376
2.875060;0.001504
2.876727;0.043381
2.878393;0.085182
2.880060;0.126834
2.881727;0.168263
2.883394;0.209397
2.885061;0.250164
2.886727;0.290491
2.888394;0.330309
2.890061;0.369547
2.891728;0.408137
2.893394;0.446011
2.895061;0.483102
2.896728;0.519346
2.898395;0.554678
2.900062;0.589037
2.901728;0.622363
2.903395;0.654596
2.905062;0.685681
2.906729;0.715563
2.908396;0.744190
2.910062;0.771511
2.911729;0.797478
2.913396;0.822045
2.915063;0.845171
2.916729;0.866813
2.918396;0.886935
2.920063;0.905500
2.921730;0.922477
2.923397;0.937835
2.925063;0.951548
2.926730;0.963590
2.928397;0.973943
2.930064;0.982586
2.931731;0.989505
2.933397;0.994689
2.935064;0.998127
2.936731;0.999813
2.938398;0.999746
2.940064;0.997924
2.941731;0.994351
2.943398;0.989034
2.945065;0.981981
2.946732;0.973205
2.948398;0.962722
2.950065;0.950549
2.951732;0.936709
2.953399;0.921225
2.955065;0.904125
2.956732;0.885438
2.958399;0.865198
2.960066;0.843440
2.961733;0.820202
2.963399;0.795525
2.965066;0.769452
2.966733;0.742029
2.968400;0.713304
2.970067;0.683327
2.971733;0.652151
2.973400;0.619832
2.975067;0.586424
2.976734;0.551988
2.978400;0.516583
2.980067;0.480272
2.981734;0.443118
2.983401;0.405187
2.985068;0.366544
2.986734;0.327259
2.988401;0.287399
2.990068;0.247035
2.991735;0.206238
2.993402;0.165079
2.995068;0.123630
2.996735;0.081964
2.998402;0.040154
3.000069;-0.001726
3.001735;-0.043603
3.003402;-0.085403
3.005069;-0.127054
3.006736;-0.168482
3.008403;-0.209614
3.010069;-0.250378
3.011736;-0.290703
3.013403;-0.330518
3.015070;-0.369753
3.016737;-0.408340
3.018403;-0.446209
3.020070;-0.483296
3.021737;-0.519535
3.023404;-0.554863
3.025070;-0.589216
3.026737;-0.622536
3.028404;-0.654764
3.030071;-0.685843
3.031738;-0.715718
3.033404;-0.744338
3.035071;-0.771652
3.036738;-0.797611
3.038405;-0.822172
3.040071;-0.845289
3.041738;-0.866924
3.043405;-0.887037
3.045072;-0.905594
3.046739;-0.922562
3.048405;-0.937912
3.050072;-0.951616
3.051739;-0.963650
3.053406;-0.973993
3.055073;-0.982627
3.056739;-0.989537
3.058406;-0.994711
3.060073;-0.998140
3.061740;-0.999817
3.063406;-0.999740
3.065073;-0.997909
3.066740;-0.994327
3.068407;-0.989001
3.070074;-0.981939
3.071740;-0.973154
3.073407;-0.962662
3.075074;-0.950480
3.076741;-0.936631
3.078408;-0.921139
3.080074;-0.904030
3.081741;-0.885335
3.083408;-0.865087
3.085075;-0.843321
3.086741;-0.820075
3.088408;-0.795390
3.090075;-0.769310
3.091742;-0.741880
3.093409;-0.713148
3.095075;-0.683165
3.096742;-0.651983
3.098409;-0.619658
3.100076;-0.586245
3.101743;-0.551803
3.103409;-0.516393
3.105076;-0.480077
3.106743;-0.442919
3.108410;-0.404984
3.110076;-0.366338
3.111743;-0.327049
3.113410;-0.287187
3.115077;-0.246820
3.116744;-0.206021
3.118410;-0.164860
3.120077;-0.123410
3.121744;-0.081743
3.123411;-0.039933
3.125077;0.001947
3.126744;0.043824
3.128411;0.085624
3.130078;0.127274
3.131745;0.168700
3.133411;0.209831
3.135078;0.250593
3.136745;0.290915
3.138412;0.330727
3.140079;0.369959
3.141745;0.408542
3.143412;0.446408
3.145079;0.483490
3.146746;0.519725
3.148412;0.555047
3.150079;0.589395
3.151746;0.622710
3.153413;0.654932
3.155080;0.686004
3.156746;0.715873
3.158413;0.744486
3.160080;0.771793
3.161747;0.797745
3.163414;0.822298
3.165080;0.845408
3.166747;0.867034
3.168414;0.887140
3.170081;0.905688
3.171747;0.922648
3.173414;0.937989
3.175081;0.951684
3.176748;0.963709
3.178415;0.974043
3.180081;0.982668
3.181748;0.989569
3.183415;0.994734
3.185082;0.998154
3.186749;0.999822
3.188415;0.999735
3.190082;0.997895
3.191749;0.994304
3.193416;0.988968
3.195082;0.981897
3.196749;0.973103
3.198416;0.962602
3.200083;0.950412
3.201750;0.936554
3.203416;0.921053
3.205083;0.903935
3.206750;0.885232
3.208417;0.864976
3.210083;0.843202
3.211750;0.819948
3.213417;0.795256
3.215084;0.769168
3.216751;0.741731
3.218417;0.712993
3.220084;0.683003
3.221751;0.651815
3.223418;0.619483
3.225085;0.586065
3.226751;0.551618
3.228418;0.516203
3.230085;0.479883
3.231752;0.442720
3.233418;0.404781
3.235085;0.366132
3.236752;0.326840
3.238419;0.286974
3.240086;0.246605
3.241752;0.205804
3.243419;0.164641
3.245086;0.123190
3.246753;0.081522
3.248420;0.039711
3.250086;-0.002169
3.251753;-0.044046
3.253420;-0.085845
3.255087;-0.127494
3.256753;-0.168919
3.258420;-0.210047
3.260087;-0.250807
3.261754;-0.291128
3.263421;-0.330937
3.265087;-0.370165
3.266754;-0.408744
3.268421;-0.446606
3.270088;-0.483684
3.271755;-0.519914
3.273421;-0.555231
3.275088;-0.589575
3.276755;-0.622883
3.278422;-0.655099
3.280088;-0.686165
3.281755;-0.716028
3.283422;-0.744634
3.285089;-0.771934
3.286756;-0.797879
3.288422;-0.822424
3.290089;-0.845526
3.291756;-0.867145
3.293423;-0.887242
3.295089;-0.905782
3.296756;-0.922733
3.298423;-0.938066
3.300090;-0.951752
3.301757;-0.963768
3.303423;-0.974093
3.305090;-0.982709
3.306757;-0.989601
3.308424;-0.994757
3.310091;-0.998167
3.311757;-0.999826
3.313424;-0.999730
3.315091;-0.997881
3.316758;-0.994280
3.318424;-0.988935
3.320091;-0.981855
3.321758;-0.973052
3.323425;-0.962542
3.325092;-0.950343
3.326758;-0.936476
3.328425;-0.920966
3.330092;-0.903841
3.331759;-0.885129
3.333426;-0.864865
3.335092;-0.843083
3.336759;-0.819821
3.338426;-0.795122
3.340093;-0.769027
3.341759;-0.741583
3.343426;-0.712837
3.345093;-0.682841
3.346760;-0.651647
3.348427;-0.619309
3.350093;-0.585885
3.351760;-0.551433
3.353427;-0.516013
3.355094;-0.479688
3.356761;-0.442522
3.358427;-0.404578
3.360094;-0.365925
3.361761;-0.326630
3.363428;-0.286762
3.365094;-0.246391
3.366761;-0.205587
3.368428;-0.164423
3.370095;-0.122970
3.371762;-0.081301
3.373428;-0.039490
3.375095;0.002391
3.376762;0.044267
3.378429;0.086066
3.380095;0.127714
3.381762;0.169137
3.383429;0.210264
3.385096;0.251022
3.386763;0.291340
3.388429;0.331146
3.390096;0.370371
3.391763;0.408947
3.393430;0.446805
3.395097;0.483878
3.396763;0.520103
3.398430;0.555416
3.400097;0.589754
3.401764;0.623057
3.403430;0.655267
3.405097;0.686327
3.406764;0.716183
3.408431;0.744782
3.410098;0.772075
3.411764;0.798012
3.413431;0.822550
3.415098;0.845644
3.416765;0.867255
3.418432;0.887344
3.420098;0.905876
3.421765;0.922819
3.423432;0.938142
3.425099;0.951820
3.426765;0.963827
3.428432;0.974143
3.430099;0.982750
3.431766;0.989633
3.433433;0.994780
3.435099;0.998180
3.436766;0.999830
3.438433;0.999725
3.440100;0.997866
3.441767;0.994256
3.443433;0.988902
3.445100;0.981813
3.446767;0.973001
3.448434;0.962482
3.450100;0.950274
3.451767;0.936398
3.453434;0.920880
3.455101;0.903746
3.456768;0.885026
3.458434;0.864753
3.460101;0.842963
3.461768;0.819694
3.463435;0.794987
3.465101;0.768885
3.466768;0.741434
3.468435;0.712682
3.470102;0.682679
3.471769;0.651479
3.473435;0.619135
3.475102;0.585706
3.476769;0.551248
3.478436;0.515823
3.480103;0.479494
3.481769;0.442323
3.483436;0.404376
3.485103;0.365719
3.486770;0.326421
3.488436;0.286550
3.490103;0.246176
3.491770;0.205370
3.493437;0.164204
3.495104;0.122750
3.496770;0.081080
3.498437;0.039268
3.500104;-0.002613
3.501771;-0.044489
3.503438;-0.086287
3.505104;-0.127934
3.506771;-0.169356
3.508438;-0.210481
3.510105;-0.251237
3.511771;-0.291552
3.513438;-0.331355
3.515105;-0.370577
3.516772;-0.409149
3.518439;-0.447003
3.520105;-0.484073
3.521772;-0.520293
3.523439;-0.555600
3.525106;-0.589933
3.526772;-0.623230
3.528439;-0.655434
3.530106;-0.686488
3.531773;-0.716337
3.533440;-0.744930
3.535106;-0.772215
3.536773;-0.798146
3.538440;-0.822676
3.540107;-0.845763
3.541774;-0.867366
3.543440;-0.887446
3.545107;-0.905970
3.546774;-0.922904
3.548441;-0.938219
3.550107;-0.951888
3.551774;-0.963886
3.553441;-0.974194
3.555108;-0.982791
3.556775;-0.989665
3.558441;-0.994802
3.560108;-0.998194
3.561775;-0.999834
3.563442;-0.999720
3.565109;-0.997852
3.566775;-0.994233
3.568442;-0.988869
3.570109;-0.981771
3.571776;-0.972950
3.573442;-0.962421
3.575109;-0.950204
3.576776;-0.936320
3.578443;-0.920793
3.580110;-0.903651
3.581776;-0.884923
3.583443;-0.864642
3.585110;-0.842844
3.586777;-0.819567
3.588444;-0.794853
3.590110;-0.768743
3.591777;-0.741285
3.593444;-0.712526
3.595111;-0.682517
3.596777;-0.651311
3.598444;-0.618961
3.600111;-0.585526
3.601778;-0.551063
3.603445;-0.515634
3.605111;-0.479299
3.606778;-0.442124
3.608445;-0.404173
3.610112;-0.365513
3.611778;-0.326211
3.613445;-0.286337
3.615112;-0.245961
3.616779;-0.205153
3.618446;-0.163985
3.620112;-0.122530
3.621779;-0.080859
3.623446;-0.039047
3.625113;0.002834
3.626780;0.044710
3.628446;0.086508
3.630113;0.128153
3.631780;0.169574
3.633447;0.210698
3.635113;0.251451
3.636780;0.291764
3.638447;0.331564
3.640114;0.370783
3.641781;0.409351
3.643447;0.447201
3.645114;0.484266
3.646781;0.520482
3.648448;0.555784
3.650115;0.590112
3.651781;0.623403
3.653448;0.655601
3.655115;0.686649
3.656782;0.716492
3.658448;0.745078
3.660115;0.772356
3.661782;0.798280
3.663449;0.822802
3.665116;0.845881
3.666782;0.867476
3.668449;0.887549
3.670116;0.906064
3.671783;0.922990
3.673450;0.938296
3.675116;0.951956
3.676783;0.963945
3.678450;0.974244
3.680117;0.982832
3.681783;0.989697
3.683450;0.994825
3.685117;0.998207
3.686784;0.999838
3.688451;0.999715
3.690117;0.997837
3.691784;0.994209
3.693451;0.988836
3.695118;0.981729
3.696784;0.972898
3.698451;0.962361
3.700118;0.950135
3.701785;0.936243
3.703452;0.920707
3.705118;0.903556
3.706785;0.884819
3.708452;0.864531
3.710119;0.842725
3.711786;0.819440
3.713452;0.794718
3.715119;0.768601
3.716786;0.741136
3.718453;0.712371
3.720119;0.682355
3.721786;0.651142
3.723453;0.618787
3.725120;0.585346
3.726787;0.550878
3.728453;0.515444
3.730120;0.479105
3.731787;0.441925
3.733454;0.403970
3.735121;0.365306
3.736787;0.326001
3.738454;0.286125
3.740121;0.245746
3.741788;0.204936
3.743454;0.163766
3.745121;0.122310
3.746788;0.080638
3.748455;0.038825
3.750122;-0.003056
3.751788;-0.044932
3.753455;-0.086729
3.755122;-0.128373
3.756789;-0.169793
3.758456;-0.210914
3.760122;-0.251666
3.761789;-0.291976
3.763456;-0.331773
3.765123;-0.370989
3.766789;-0.409553
3.768456;-0.447399
3.770123;-0.484460
3.771790;-0.520671
3.773457;-0.555969
3.775123;-0.590291
3.776790;-0.623577
3.778457;-0.655769
3.780124;-0.686810
3.781790;-0.716647
3.783457;-0.745226
3.785124;-0.772497
3.786791;-0.798413
3.788458;-0.822928
3.790124;-0.845999
3.791791;-0.867586
3.793458;-0.887651
3.795125;-0.906158
3.796792;-0.923075
3.798458;-0.938372
3.800125;-0.952024
3.801792;-0.964004
3.803459;-0.974294
3.805125;-0.982873
3.806792;-0.989729
3.808459;-0.994847
3.810126;-0.998220
3.811793;-0.999842
3.813459;-0.999709
3.815126;-0.997823
3.816793;-0.994185
3.818460;-0.988803
3.820127;-0.981686
3.821793;-0.972847
3.823460;-0.962301
3.825127;-0.950066
3.826794;-0.936165
3.828460;-0.920620
3.830127;-0.903461
3.831794;-0.884716
3.833461;-0.864419
3.835128;-0.842605
3.836794;-0.819313
3.838461;-0.794583
3.840128;-0.768460
3.841795;-0.740987
3.843462;-0.712215
3.845128;-0.682193
3.846795;-0.650974
3.848462;-0.618613
3.850129;-0.585166
3.851795;-0.550693
3.853462;-0.515254
3.855129;-0.478910
3.856796;-0.441726
3.858463;-0.403767
3.860129;-0.365100
3.861796;-0.325792
3.863463;-0.285912
3.865130;-0.245531
3.866796;-0.204719
3.868463;-0.163548
3.870130;-0.122090
3.871797;-0.080417
3.873464;-0.038604
3.875130;0.003278
3.876797;0.045153
3.878464;0.086949
3.880131;0.128593
3.881798;0.170011
3.883464;0.211131
3.885131;0.251880
3.886798;0.292188
3.888465;0.331983
3.890131;0.371195
3.891798;0.409756
3.893465;0.447598
3.895132;0.484654
3.896799;0.520861
3.898465;0.556153
3.900132;0.590470
3.901799;0.623750
3.903466;0.655936
3.905133;0.686971
3.906799;0.716801
3.908466;0.745373
3.910133;0.772638
3.911800;0.798546
3.913466;0.823054
3.915133;0.846117
3.916800;0.867696
3.918467;0.887753
3.920134;0.906251
3.921800;0.923160
3.923467;0.938449
3.925134;0.952091
3.926801;0.964063
3.928468;0.974343
3.930134;0.982914
3.931801;0.989760
3.933468;0.994870
3.935135;0.998233
3.936801;0.999846
3.938468;0.999704
3.940135;0.997808
3.941802;0.994161
3.943469;0.988770
3.945135;0.981644
3.946802;0.972796
3.948469;0.962241
3.950136;0.949997
3.951802;0.936087
3.953469;0.920534
3.955136;0.903366
3.956803;0.884613
3.958470;0.864308
3.960136;0.842486
3.961803;0.819186
3.963470;0.794449
3.965137;0.768318
3.966804;0.740838
3.968470;0.712059
3.970137;0.682031
3.971804;0.650806
3.973471;0.618439
3.975137;0.584987
3.976804;0.550508
3.978471;0.515064
3.980138;0.478715
3.981805;0.441527
3.983471;0.403564
3.985138;0.364893
3.986805;0.325582
3.988472;0.285700
3.990139;0.245316
3.991805;0.204502
3.993472;0.163329
3.995139;0.121869
3.996806;0.080196
3.998472;0.038382
4.000139;-0.003499
4.001806;-0.045369
4.003472;-0.087158
4.005139;-0.128795
4.006805;-0.170206
4.008472;-0.211319
4.010139;-0.252060
4.011805;-0.292360
4.013472;-0.332146
4.015138;-0.371351
4.016805;-0.409903
4.018471;-0.447737
4.020138;-0.484785
4.021804;-0.520983
4.023471;-0.556268
4.025137;-0.590576
4.026804;-0.623848
4.028471;-0.656027
4.030137;-0.687054
4.031804;-0.716877
4.033470;-0.745441
4.035137;-0.772699
4.036803;-0.798601
4.038470;-0.823102
4.040136;-0.846159
4.041803;-0.867732
4.043469;-0.887783
4.045136;-0.906277
4.046803;-0.923181
4.048469;-0.938466
4.050136;-0.952104
4.051802;-0.964073
4.053469;-0.974350
4.055135;-0.982919
4.056802;-0.989763
4.058468;-0.994871
4.060135;-0.998234
4.061801;-0.999846
4.063468;-0.999704
4.065135;-0.997809
4.066801;-0.994163
4.068468;-0.988774
4.070134;-0.981650
4.071801;-0.972804
4.073467;-0.962252
4.075134;-0.950012
4.076800;-0.936106
4.078467;-0.920557
4.080133;-0.903394
4.081800;-0.884646
4.083467;-0.864347
4.085133;-0.842531
4.086800;-0.819238
4.088466;-0.794507
4.090133;-0.768383
4.091799;-0.740911
4.093466;-0.712139
4.095132;-0.682119
4.096799;-0.650901
4.098465;-0.618542
4.100132;-0.585098
4.101799;-0.550628
4.103465;-0.515192
4.105132;-0.478852
4.106798;-0.441672
4.108465;-0.403718
4.110131;-0.365055
4.111798;-0.325752
4.113464;-0.285878
4.115131;-0.245502
4.116797;-0.204696
4.118464;-0.163530
4.120131;-0.122078
4.121797;-0.080411
4.123464;-0.038604
4.125130;0.003272
4.126797;0.045141
4.128463;0.086932
4.130130;0.128569
4.131796;0.169982
4.133463;0.211096
4.135129;0.251840
4.136796;0.292142
4.138463;0.331932
4.140129;0.371139
4.141796;0.409696
4.143462;0.447533
4.145129;0.484586
4.146795;0.520789
4.148462;0.556078
4.150128;0.590392
4.151795;0.623671
4.153461;0.655855
4.155128;0.686889
4.156795;0.716718
4.158461;0.745290
4.160128;0.772554
4.161794;0.798464
4.163461;0.822972
4.165127;0.846038
4.166794;0.867619
4.168460;0.887678
4.170127;0.906181
4.171793;0.923093
4.173460;0.938387
4.175127;0.952035
4.176793;0.964012
4.178460;0.974299
4.180126;0.982877
4.181793;0.989730
4.183459;0.994848
4.185126;0.998220
4.186792;0.999842
4.188459;0.999710
4.190125;0.997824
4.191792;0.994188
4.193459;0.988808
4.195125;0.981693
4.196792;0.972857
4.198458;0.962314
4.200125;0.950083
4.201791;0.936186
4.203458;0.920646
4.205124;0.903492
4.206791;0.884752
4.208457;0.864461
4.210124;0.842654
4.211791;0.819368
4.213457;0.794645
4.215124;0.768529
4.216790;0.741064
4.218457;0.712299
4.220123;0.682285
4.221790;0.651074
4.223456;0.618721
4.225123;0.585283
4.226789;0.550818
4.228456;0.515387
4.230123;0.479052
4.231789;0.441877
4.233456;0.403926
4.235122;0.365267
4.236789;0.325967
4.238455;0.286096
4.240122;0.245723
4.241788;0.204918
4.243455;0.163755
4.245121;0.122304
4.246788;0.080638
4.248455;0.038831
4.250121;-0.003044
4.251788;-0.044914
4.253454;-0.086705
4.255121;-0.128344
4.256787;-0.169757
4.258454;-0.210873
4.260120;-0.251619
4.261787;-0.291924
4.263453;-0.331717
4.265120;-0.370928
4.266787;-0.409488
4.268453;-0.447330
4.270120;-0.484387
4.271786;-0.520595
4.273453;-0.555889
4.275119;-0.590208
4.276786;-0.623492
4.278452;-0.655683
4.280119;-0.686723
4.281785;-0.716559
4.283452;-0.745138
4.285119;-0.772409
4.286785;-0.798326
4.288452;-0.822843
4.290118;-0.845916
4.291785;-0.867506
4.293451;-0.887573
4.295118;-0.906084
4.296784;-0.923006
4.298451;-0.938308
4.300117;-0.951965
4.301784;-0.963952
4.303451;-0.974248
4.305117;-0.982835
4.306784;-0.989698
4.308450;-0.994825
4.310117;-0.998207
4.311783;-0.999838
4.313450;-0.999715
4.315116;-0.997839
4.316783;-0.994212
4.318449;-0.988842
4.320116;-0.981737
4.321783;-0.972909
4.323449;-0.962376
4.325116;-0.950154
4.326782;-0.936266
4.328449;-0.920735
4.330115;-0.903589
4.331782;-0.884858
4.333448;-0.864576
4.335115;-0.842776
4.336782;-0.819499
4.338448;-0.794783
4.340115;-0.768674
4.341781;-0.741217
4.343448;-0.712459
4.345114;-0.682451
4.346781;-0.651247
4.348447;-0.618900
4.350114;-0.585468
4.351780;-0.551008
4.353447;-0.515582
4.355114;-0.479252
4.356780;-0.442081
4.358447;-0.404134
4.360113;-0.365479
4.361780;-0.326183
4.363446;-0.286314
4.365113;-0.245943
4.366779;-0.205141
4.368446;-0.163979
4.370112;-0.122530
4.371779;-0.080865
4.373446;-0.039059
4.375112;0.002816
4.376779;0.044686
4.378445;0.086478
4.380112;0.128118
4.381778;0.169533
4.383445;0.210651
4.385111;0.251399
4.386778;0.291706
4.388444;0.331502
4.390111;0.370716
4.391778;0.409280
4.393444;0.447126
4.395111;0.484188
4.396777;0.520400
4.398444;0.555700
4.400110;0.590025
4.401777;0.623314
4.403443;0.655511
4.405110;0.686558
4.406776;0.716400
4.408443;0.744986
4.410110;0.772265
4.411776;0.798189
4.413443;0.822714
4.415109;0.845795
4.416776;0.867392
4.418442;0.887468
4.420109;0.905988
4.421775;0.922918
4.423442;0.938230
4.425108;0.951895
4.426775;0.963891
4.428442;0.974196
4.430108;0.982793
4.431775;0.989665
4.433441;0.994802
4.435108;0.998193
4.436774;0.999834
4.438441;0.999720
4.440107;0.997854
4.441774;0.994237
4.443440;0.988876
4.445107;0.981780
4.446774;0.972962
4.448440;0.962438
4.450107;0.950225
4.451773;0.936346
4.453440;0.920824
4.455106;0.903687
4.456773;0.884965
4.458439;0.864690
4.460106;0.842899
4.461772;0.819629
4.463439;0.794922
4.465106;0.768820
4.466772;0.741369
4.468439;0.712619
4.470105;0.682618
4.471772;0.651420
4.473438;0.619079
4.475105;0.585652
4.476771;0.551198
4.478438;0.515777
4.480104;0.479452
4.481771;0.442285
4.483438;0.404343
4.485104;0.365691
4.486771;0.326398
4.488437;0.286532
4.490104;0.246164
4.491770;0.205364
4.493437;0.164204
4.495103;0.122756
4.496770;0.081092
4.498436;0.039286
4.500103;-0.002589
4.501770;-0.044459
4.503436;-0.086251
4.505103;-0.127892
4.506769;-0.169309
4.508436;-0.210428
4.510102;-0.251179
4.511769;-0.291489
4.513435;-0.331287
4.515102;-0.370505
4.516768;-0.409072
4.518435;-0.446922
4.520102;-0.483989
4.521768;-0.520206
4.523435;-0.555510
4.525101;-0.589841
4.526768;-0.623136
4.528434;-0.655339
4.530101;-0.686392
4.531767;-0.716241
4.533434;-0.744834
4.535100;-0.772120
4.536767;-0.798052
4.538434;-0.822584
4.540100;-0.845673
4.541767;-0.867279
4.543433;-0.887363
4.545100;-0.905891
4.546766;-0.922830
4.548433;-0.938151
4.550099;-0.951825
4.551766;-0.963830
4.553432;-0.974145
4.555099;-0.982750
4.556766;-0.989632
4.558432;-0.994778
4.560099;-0.998179
4.561765;-0.999829
4.563432;-0.999726
4.565098;-0.997869
4.566765;-0.994261
4.568431;-0.988909
4.570098;-0.981823
4.571764;-0.973015
4.573431;-0.962499
4.575098;-0.950296
4.576764;-0.936426
4.578431;-0.920913
4.580097;-0.903784
4.581764;-0.885071
4.583430;-0.864804
4.585097;-0.843021
4.586763;-0.819760
4.588430;-0.795060
4.590096;-0.768965
4.591763;-0.741522
4.593430;-0.712778
4.595096;-0.682784
4.596763;-0.651592
4.598429;-0.619258
4.600096;-0.585837
4.601762;-0.551388
4.603429;-0.515972
4.605095;-0.479651
4.606762;-0.442489
4.608428;-0.404551
4.610095;-0.365903
4.611762;-0.326613
4.613428;-0.286750
4.615095;-0.246385
4.616761;-0.205587
4.618428;-0.164428
4.620094;-0.122982
4.621761;-0.081319
4.623427;-0.039514
4.625094;0.002361
4.626760;0.044231
4.628427;0.086024
4.630094;0.127666
4.631760;0.169084
4.633427;0.210206
4.635093;0.250958
4.636760;0.291271
4.638426;0.331072
4.640093;0.370293
4.641759;0.408865
4.643426;0.446719
4.645092;0.483789
4.646759;0.520011
4.648426;0.555321
4.650092;0.589657
4.651759;0.622958
4.653425;0.655167
4.655092;0.686226
4.656758;0.716082
4.658425;0.744682
4.660091;0.771975
4.661758;0.797915
4.663424;0.822455
4.665091;0.845552
4.666758;0.867166
4.668424;0.887259
4.670091;0.905795
4.671757;0.922743
4.673424;0.938072
4.675090;0.951755
4.676757;0.963770
4.678423;0.974093
4.680090;0.982708
4.681756;0.989600
4.683423;0.994755
4.685090;0.998166
4.686756;0.999825
4.688423;0.999731
4.690089;0.997883
4.691756;0.994285
4.693422;0.988943
4.695089;0.981866
4.696755;0.973067
4.698422;0.962561
4.700089;0.950367
4.701755;0.936505
4.703422;0.921001
4.705088;0.903882
4.706755;0.885177
4.708421;0.864919
4.710088;0.843144
4.711754;0.819890
4.713421;0.795198
4.715087;0.769111
4.716754;0.741675
4.718421;0.712938
4.720087;0.682951
4.721754;0.651765
4.723420;0.619436
4.725087;0.586021
4.726753;0.551578
4.728420;0.516167
4.730086;0.479851
4.731753;0.442693
4.733419;0.404759
4.735086;0.366115
4.736753;0.326828
4.738419;0.286969
4.740086;0.246605
4.741752;0.205810
4.743419;0.164653
4.745085;0.123208
4.746752;0.081546
4.748418;0.039741
4.750085;-0.002133
4.751751;-0.044004
4.753418;-0.085797
4.755085;-0.127440
4.756751;-0.168860
4.758418;-0.209983
4.760084;-0.250738
4.761751;-0.291053
4.763417;-0.330858
4.765084;-0.370082
4.766750;-0.408657
4.768417;-0.446515
4.770083;-0.483590
4.771750;-0.519817
4.773417;-0.555132
4.775083;-0.589473
4.776750;-0.622780
4.778416;-0.654995
4.780083;-0.686061
4.781749;-0.715923
4.783416;-0.744530
4.785082;-0.771831
4.786749;-0.797778
4.788415;-0.822325
4.790082;-0.845430
4.791749;-0.867052
4.793415;-0.887153
4.795082;-0.905699
4.796748;-0.922655
4.798415;-0.937993
4.800081;-0.951686
4.801748;-0.963709
4.803414;-0.974042
4.805081;-0.982666
4.806747;-0.989567
4.808414;-0.994732
4.810081;-0.998152
4.811747;-0.999821
4.813414;-0.999736
4.815080;-0.997898
4.816747;-0.994310
4.818413;-0.988977
4.820080;-0.981909
4.821746;-0.973120
4.823413;-0.962623
4.825079;-0.950438
4.826746;-0.936585
4.828413;-0.921090
4.830079;-0.903979
4.831746;-0.885282
4.833412;-0.865033
4.835079;-0.843266
4.836745;-0.820020
4.838412;-0.795336
4.840078;-0.769256
4.841745;-0.741828
4.843411;-0.713098
4.845078;-0.683117
4.846745;-0.651938
4.848411;-0.619615
4.850078;-0.586206
4.851744;-0.551768
4.853411;-0.516362
4.855077;-0.480051
4.856744;-0.442898
4.858410;-0.404967
4.860077;-0.366327
4.861743;-0.327044
4.863410;-0.287187
4.865077;-0.246826
4.866743;-0.206033
4.868410;-0.164878
4.870076;-0.123433
4.871743;-0.081773
4.873409;-0.039969
4.875076;0.001906
4.876742;0.043776
4.878409;0.085570
4.880075;0.127214
4.881742;0.168635
4.883409;0.209760
4.885075;0.250517
4.886742;0.290835
4.888408;0.330643
4.890075;0.369870
4.891741;0.408449
4.893408;0.446311
4.895074;0.483391
4.896741;0.519622
4.898407;0.554942
4.900074;0.589289
4.901741;0.622602
4.903407;0.654823
4.905074;0.685895
4.906740;0.715764
4.908407;0.744378
4.910073;0.771686
4.911740;0.797640
4.913406;0.822195
4.915073;0.845308
4.916739;0.866939
4.918406;0.887048
4.920073;0.905602
4.921739;0.922567
4.923406;0.937914
4.925072;0.951616
4.926739;0.963648
4.928405;0.973990
4.930072;0.982624
4.931738;0.989534
4.933405;0.994708
4.935071;0.998138
4.936738;0.999817
4.938405;0.999742
4.940071;0.997913
4.941738;0.994334
4.943404;0.989011
4.945071;0.981953
4.946737;0.973172
4.948404;0.962685
4.950070;0.950508
4.951737;0.936665
4.953403;0.921179
4.955070;0.904076
4.956737;0.885388
4.958403;0.865147
4.960070;0.843389
4.961736;0.820151
4.963403;0.795474
4.965069;0.769402
4.966736;0.741980
4.968402;0.713257
4.970069;0.683283
4.971735;0.652110
4.973402;0.619794
4.975069;0.586390
4.976735;0.551958
4.978402;0.516557
4.980068;0.480251
4.981735;0.443102
4.983401;0.405176
4.985068;0.366539
4.986734;0.327259
4.988401;0.287405
4.990067;0.247047
4.991734;0.206255
4.993401;0.165102
4.995067;0.123659
4.996734;0.082000
4.998400;0.040196
5.000067;-0.001678
5.001733;-0.043549
5.003400;-0.085344
5.005066;-0.126989
5.006733;-0.168411
5.008399;-0.209538
5.010066;-0.250297
5.011733;-0.290617
5.013399;-0.330428
5.015066;-0.369659
5.016732;-0.408241
5.018399;-0.446108
5.020065;-0.483191
5.021732;-0.519428
5.023398;-0.554753
5.025065;-0.589105
5.026731;-0.622424
5.028398;-0.654651
5.030065;-0.685729
5.031731;-0.715605
5.033398;-0.744226
5.035064;-0.771541
5.036731;-0.797503
5.038397;-0.822066
5.040064;-0.845187
5.041730;-0.866825
5.043397;-0.886943
5.045063;-0.905505
5.046730;-0.922479
5.048397;-0.937835
5.050063;-0.951546
5.051730;-0.963587
5.053396;-0.973939
5.055063;-0.982582
5.056729;-0.989501
5.058396;-0.994685
5.060062;-0.998124
5.061729;-0.999812
5.063396;-0.999747
5.065062;-0.997928
5.066729;-0.994358
5.068395;-0.989044
5.070062;-0.981996
5.071728;-0.973224
5.073395;-0.962746
5.075061;-0.950579
5.076728;-0.936745
5.078394;-0.921267
5.080061;-0.904174
5.081728;-0.885494
5.083394;-0.865261
5.085061;-0.843511
5.086727;-0.820281
5.088394;-0.795612
5.090060;-0.769547
5.091727;-0.742133
5.093393;-0.713417
5.095060;-0.683449
5.096726;-0.652283
5.098393;-0.619973
5.100060;-0.586575
5.101726;-0.552148
5.103393;-0.516752
5.105059;-0.480450
5.106726;-0.443306
5.108392;-0.405384
5.110059;-0.366750
5.111725;-0.327474
5.113392;-0.287623
5.115058;-0.247267
5.116725;-0.206478
5.118392;-0.165327
5.120058;-0.123885
5.121725;-0.082227
5.123391;-0.040424
5.125058;0.001450
5.126724;0.043321
5.128391;0.085117
5.130057;0.126763
5.131724;0.168186
5.133390;0.209315
5.135057;0.250077
5.136724;0.290399
5.138390;0.330213
5.140057;0.369447
5.141723;0.408033
5.143390;0.445904
5.145056;0.482992
5.146723;0.519233
5.148389;0.554563
5.150056;0.588921
5.151722;0.622246
5.153389;0.654479
5.155056;0.685564
5.156722;0.715446
5.158389;0.744074
5.160055;0.771396
5.161722;0.797365
5.163388;0.821936
5.165055;0.845065
5.166721;0.866712
5.168388;0.886838
5.170054;0.905409
5.171721;0.922391
5.173388;0.937756
5.175054;0.951476
5.176721;0.963526
5.178387;0.973887
5.180054;0.982539
5.181720;0.989468
5.183387;0.994661
5.185053;0.998110
5.186720;0.999808
5.188386;0.999752
5.190053;0.997942
5.191720;0.994382
5.193386;0.989078
5.195053;0.982039
5.196719;0.973277
5.198386;0.962808
5.200052;0.950650
5.201719;0.936824
5.203385;0.921356
5.205052;0.904271
5.206718;0.885600
5.208385;0.865376
5.210052;0.843633
5.211718;0.820411
5.213385;0.795750
5.215051;0.769693
5.216718;0.742286
5.218384;0.713576
5.220051;0.683616
5.221717;0.652456
5.223384;0.620151
5.225050;0.586759
5.226717;0.552338
5.228384;0.516947
5.230050;0.480650
5.231717;0.443510
5.233383;0.405592
5.235050;0.366962
5.236716;0.327689
5.238383;0.287841
5.240049;0.247488
5.241716;0.206701
5.243382;0.165551
5.245049;0.124111
5.246716;0.082454
5.248382;0.040651
5.250049;-0.001222
5.251715;-0.043094
5.253382;-0.084890
5.255048;-0.126537
5.256715;-0.167962
5.258381;-0.209092
5.260048;-0.249856
5.261714;-0.290181
5.263381;-0.329998
5.265048;-0.369235
5.266714;-0.407825
5.268381;-0.445700
5.270047;-0.482793
5.271714;-0.519038
5.273380;-0.554374
5.275047;-0.588737
5.276713;-0.622067
5.278380;-0.654306
5.280046;-0.685398
5.281713;-0.715287
5.283380;-0.743922
5.285046;-0.771251
5.286713;-0.797228
5.288379;-0.821806
5.290046;-0.844943
5.291712;-0.866598
5.293379;-0.886733
5.295045;-0.905312
5.296712;-0.922303
5.298378;-0.937677
5.300045;-0.951406
5.301712;-0.963465
5.303378;-0.973835
5.305045;-0.982497
5.306711;-0.989435
5.308378;-0.994638
5.310044;-0.998096
5.311711;-0.999803
5.313377;-0.999757
5.315044;-0.997957
5.316710;-0.994406
5.318377;-0.989111
5.320044;-0.982081
5.321710;-0.973329
5.323377;-0.962869
5.325043;-0.950720
5.326710;-0.936904
5.328376;-0.921444
5.330043;-0.904368
5.331709;-0.885706
5.333376;-0.865490
5.335042;-0.843755
5.336709;-0.820541
5.338376;-0.795888
5.340042;-0.769838
5.341709;-0.742438
5.343375;-0.713736
5.345042;-0.683782
5.346708;-0.652628
5.348375;-0.620330
5.350041;-0.586943
5.351708;-0.552527
5.353374;-0.517142
5.355041;-0.480850
5.356708;-0.443714
5.358374;-0.405800
5.360041;-0.367174
5.361707;-0.327904
5.363374;-0.288059
5.365040;-0.247709
5.366707;-0.206924
5.368373;-0.165776
5.370040;-0.124337
5.371706;-0.082681
5.373373;-0.040879
5.375040;0.000995
5.376706;0.042866
5.378373;0.084663
5.380039;0.126311
5.381706;0.167737
5.383372;0.208870
5.385039;0.249636
5.386705;0.289964
5.388372;0.329783
5.390038;0.369024
5.391705;0.407617
5.393372;0.445496
5.395038;0.482593
5.396705;0.518844
5.398371;0.554184
5.400038;0.588553
5.401704;0.621889
5.403371;0.654134
5.405037;0.685232
5.406704;0.715128
5.408370;0.743769
5.410037;0.771106
5.411704;0.797091
5.413370;0.821677
5.415037;0.844822
5.416703;0.866484
5.418370;0.886627
5.420036;0.905215
5.421703;0.922215
5.423369;0.937598
5.425036;0.951335
5.426702;0.963404
5.428369;0.973783
5.430036;0.982454
5.431702;0.989402
5.433369;0.994614
5.435035;0.998082
5.436702;0.999799
5.438368;0.999762
5.440035;0.997971
5.441701;0.994430
5.443368;0.989145
5.445035;0.982124
5.446701;0.973381
5.448368;0.962931
5.450034;0.950791
5.451701;0.936984
5.453367;0.921533
5.455034;0.904465
5.456700;0.885811
5.458367;0.865604
5.460033;0.843878
5.461700;0.820671
5.463367;0.796026
5.465033;0.769983
5.466700;0.742591
5.468366;0.713895
5.470033;0.683948
5.471699;0.652801
5.473366;0.620508
5.475032;0.587128
5.476699;0.552717
5.478365;0.517337
5.480032;0.481049
5.481699;0.443918
5.483365;0.406008
5.485032;0.367386
5.486698;0.328119
5.488365;0.288277
5.490031;0.247929
5.491698;0.207147
5.493364;0.166000
5.495031;0.124563
5.496697;0.082907
5.498364;0.041106
5.500031;-0.000767
5.501697;-0.042639
5.503364;-0.084436
5.505030;-0.126085
5.506697;-0.167513
5.508363;-0.208647
5.510030;-0.249415
5.511696;-0.289746
5.513363;-0.329568
5.515029;-0.368812
5.516696;-0.407409
5.518363;-0.445292
5.520029;-0.482394
5.521696;-0.518649
5.523362;-0.553995
5.525029;-0.588369
5.526695;-0.621711
5.528362;-0.653962
5.530028;-0.685066
5.531695;-0.714969
5.533361;-0.743617
5.535028;-0.770961
5.536695;-0.796953
5.538361;-0.821547
5.540028;-0.844700
5.541694;-0.866371
5.543361;-0.886522
5.545027;-0.905119
5.546694;-0.922127
5.548360;-0.937518
5.550027;-0.951265
5.551693;-0.963343
5.553360;-0.973732
5.555027;-0.982412
5.556693;-0.989369
5.558360;-0.994591
5.560026;-0.998068
5.561693;-0.999794
5.563359;-0.999767
5.565026;-0.997986
5.566692;-0.994454
5.568359;-0.989178
5.570025;-0.982167
5.571692;-0.973433
5.573359;-0.962992
5.575025;-0.950862
5.576692;-0.937063
5.578358;-0.921621
5.580025;-0.904562
5.581691;-0.885917
5.583358;-0.865718
5.585024;-0.844000
5.586691;-0.820801
5.588357;-0.796163
5.590024;-0.770129
5.591691;-0.742743
5.593357;-0.714055
5.595024;-0.684114
5.596690;-0.652973
5.598357;-0.620687
5.600023;-0.587312
5.601690;-0.552907
5.603356;-0.517532
5.605023;-0.481249
5.606689;-0.444122
5.608356;-0.406216
5.610023;-0.367598
5.611689;-0.328334
5.613356;-0.288495
5.615022;-0.248150
5.616689;-0.207369
5.618355;-0.166225
5.620022;-0.124789
5.621688;-0.083134
5.623355;-0.041334
5.625021;0.000539
5.626688;0.042411
5.628355;0.084209
5.630021;0.125859
5.631688;0.167289
5.633354;0.208424
5.635021;0.249195
5.636687;0.289528
5.638354;0.329353
5.640020;0.368601
5.641687;0.407202
5.643353;0.445088
5.645020;0.482194
5.646687;0.518454
5.648353;0.553805
5.650020;0.588185
5.651686;0.621532
5.653353;0.653790
5.655019;0.684900
5.656686;0.714810
5.658352;0.743465
5.660019;0.770816
5.661685;0.796816
5.663352;0.821417
5.665019;0.844578
5.666685;0.866257
5.668352;0.886417
5.670018;0.905022
5.671685;0.922039
5.673351;0.937439
5.675018;0.951195
5.676684;0.963282
5.678351;0.973680
5.680017;0.982369
5.681684;0.989336
5.683351;0.994567
5.685017;0.998054
5.686684;0.999790
5.688350;0.999772
5.690017;0.998000
5.691683;0.994478
5.693350;0.989212
5.695016;0.982210
5.696683;0.973485
5.698349;0.963053
5.700016;0.950932
5.701683;0.937143
5.703349;0.921709
5.705016;0.904659
5.706682;0.886023
5.708349;0.865832
5.710015;0.844122
5.711682;0.820931
5.713348;0.796301
5.715015;0.770274
5.716681;0.742896
5.718348;0.714214
5.720015;0.684280
5.721681;0.653146
5.723348;0.620865
5.725014;0.587496
5.726681;0.553097
5.728347;0.517727
5.730014;0.481449
5.731680;0.444326
5.733347;0.406424
5.735013;0.367809
5.736680;0.328549
5.738347;0.288713
5.740013;0.248370
5.741680;0.207592
5.743346;0.166450
5.745013;0.125015
5.746679;0.083361
5.748346;0.041561
5.750012;-0.000312
5.751679;-0.042184
5.753345;-0.083982
5.755012;-0.125633
5.756679;-0.167064
5.758345;-0.208202
5.760012;-0.248974
5.761678;-0.289310
5.763345;-0.329138
5.765011;-0.368389
5.766678;-0.406994
5.768344;-0.444884
5.770011;-0.481995
5.771677;-0.518260
5.773344;-0.553616
5.775011;-0.588000
5.776677;-0.621354
5.778344;-0.653617
5.780010;-0.684734
5.781677;-0.714650
5.783343;-0.743313
5.785010;-0.770671
5.786676;-0.796678
5.788343;-0.821287
5.790009;-0.844456
5.791676;-0.866143
5.793343;-0.886311
5.795009;-0.904925
5.796676;-0.921951
5.798342;-0.937360
5.800009;-0.951125
5.801675;-0.963221
5.803342;-0.973628
5.805008;-0.982327
5.806675;-0.989303
5.808342;-0.994543
5.810008;-0.998039
5.811675;-0.999785
5.813341;-0.999777
5.815008;-0.998015
5.816674;-0.994502
5.818341;-0.989245
5.820007;-0.982253
5.821674;-0.973538
5.823340;-0.963115
5.825007;-0.951002
5.826674;-0.937222
5.828340;-0.921798
5.830007;-0.904756
5.831673;-0.886128
5.833340;-0.865945
5.835006;-0.844244
5.836673;-0.821061
5.838339;-0.796439
5.840006;-0.770419
5.841672;-0.743048
5.843339;-0.714374
5.845006;-0.684446
5.846672;-0.653318
5.848339;-0.621044
5.850005;-0.587681
5.851672;-0.553286
5.853338;-0.517921
5.855005;-0.481648
5.856671;-0.444530
5.858338;-0.406632
5.860004;-0.368021
5.861671;-0.328764
5.863338;-0.288931
5.865004;-0.248591
5.866671;-0.207815
5.868337;-0.166674
5.870004;-0.125241
5.871670;-0.083588
5.873337;-0.041789
5.875003;0.000084
5.876670;0.041956
5.878336;0.083755
5.880003;0.125407
5.881670;0.166840
5.883336;0.207979
5.885003;0.248754
5.886669;0.289092
5.888336;0.328923
5.890002;0.368177
5.891669;0.406786
5.893335;0.444680
5.895002;0.481795
5.896668;0.518065
5.898335;0.553426
5.900002;0.587816
5.901668;0.621175
5.903335;0.653445
5.905001;0.684568
5.906668;0.714491
5.908334;0.743160
5.910001;0.770526
5.911667;0.796540
5.913334;0.821157
5.915000;0.844334
5.916667;0.866029
5.918334;0.886206
5.920000;0.904828
5.921667;0.921863
5.923333;0.937281
5.925000;0.951054
5.926666;0.963160
5.928333;0.973576
5.929999;0.982284
5.931666;0.989269
5.933332;0.994520
5.934999;0.998025
5.936666;0.999780
5.938332;0.999781
5.939999;0.998029
5.941665;0.994526
5.943332;0.989278
5.944998;0.982295
5.946665;0.973590
5.948331;0.963176
5.949998;0.951073
5.951664;0.937301
5.953331;0.921886
5.954998;0.904853
5.956664;0.886234
5.958331;0.866059
5.959997;0.844366
5.961664;0.821191
5.963330;0.796576
5.964997;0.770564
5.966663;0.743200
5.968330;0.714533
5.969996;0.684612
5.971663;0.653490
5.973330;0.621222
5.974996;0.587865
5.976663;0.553476
5.978329;0.518116
5.979996;0.481848
5.981662;0.444734
5.983329;0.406840
5.984995;0.368233
5.986662;0.328979
5.988328;0.289149
5.989995;0.248812
5.991662;0.208037
5.993328;0.166899
5.994995;0.125467
5.996661;0.083815
5.998328;0.042016
5.999994;0.000144
